IT기업,IT기업2,소개링크
(주)씨이랩,씨이랩,https://www.saramin.co.kr/zf_user/company-info/view-inner-recruit?csn=alFpQTRXMnJyYjBvcHJmTEk3bDlZUT09
주식회사 티시스 아이티,주식회사 티시스 아이티,https://www.saramin.co.kr/zf_user/company-info/view-inner-recruit?csn=c0JKTGY2ODQ4UlV5V1VMRVNia2d0QT09
(주)두원전자통신,두원전자통신,https://www.saramin.co.kr/zf_user/company-info/view-inner-recruit?csn=VkN6RkNNYmZ4M3FTbER3bjBJTjRsQT09
넛지헬스케어(주),넛지헬스케어,https://www.saramin.co.kr/zf_user/company-info/view-inner-recruit?csn=M2ttVnFiU3hHVUp2SE5xZkZFQ01MQT09
한국정보보호산업협회,한국정보보호산업협회,https://www.saramin.co.kr/zf_user/company-info/view-inner-recruit?csn=b1kwRXVraDNJSzBzYkFNbW90TzhiUT09
(주)헥토,헥토,https://www.saramin.co.kr/zf_user/company-info/view-inner-recruit?csn=ZFlXM0w5WFdBNUxETjcvSkF4TGVWdz09
(주)야놀자,야놀자,https://www.saramin.co.kr/zf_user/company-info/view-inner-recruit?csn=ZkFWZ1JJR0Fudmd3eER6QzN1SE1Edz09
(주)연합시스템,연합시스템,https://www.saramin.co.kr/zf_user/company-info/view-inner-recruit?csn=dW0rTGcxRHVWUkFPL3hXV2hjbC9Qdz09
몬드리안에이아이(주),몬드리안에이아이,https://www.saramin.co.kr/zf_user/company-info/view-inner-recruit?csn=dUdmSm5vV2ZLSnM2WkQzN2kwR2l1QT09
(주)폴라리스오피스,폴라리스오피스,https://www.saramin.co.kr/zf_user/company-info/view-inner-recruit?csn=RlVZR1JZMngxUEN5d0JVZUp1bTQvdz09
(주)이노룰스,이노룰스,https://www.saramin.co.kr/zf_user/company-info/view-inner-recruit?csn=aGlGcmVuajJsM0FudlFCL3QwWExTdz09
(주)케이티넥스알,케이티넥스알,https://www.saramin.co.kr/zf_user/company-info/view-inner-recruit?csn=RVBGMGxtRGQ2NXBVWFdMSWNCUTlqZz09
디플래닉스(주),디플래닉스,https://www.saramin.co.kr/zf_user/company-info/view-inner-recruit?csn=bFZhQ2MyaC8rREpRMENqYk5ZcTJnUT09
(주)웅진,웅진,https://www.saramin.co.kr/zf_user/company-info/view-inner-recruit?csn=ZzZiOG1FUk1zTjdZWlpYK3p6S2k3dz09
한화비전(주),한화비전,https://www.saramin.co.kr/zf_user/company-info/view-inner-recruit?csn=aExtdFB2MERYY1FTTzNNejBkOEdYQT09
(주)이랜드이노플,이랜드이노플,https://www.saramin.co.kr/zf_user/company-info/view-inner-recruit?csn=bTgzTTJ6NGc0Zk5EWE9YbmZ5TDRmQT09
(주)플래티어,플래티어,https://www.saramin.co.kr/zf_user/company-info/view-inner-recruit?csn=VzVFbTJrUWZsRzJyZ0NmRTF3bkpKQT09
(주)스피링크,스피링크,https://www.saramin.co.kr/zf_user/company-info/view-inner-recruit?csn=bzJHK1ErWCtBQU5MV3A0aUdiZFkzQT09
(주)카비,카비,https://www.saramin.co.kr/zf_user/company-info/view-inner-recruit?csn=Mzd2QitQZmpEamN5dFlCRFM3UHRzQT09
㈜더아이엠씨,더아이엠씨,https://www.saramin.co.kr/zf_user/company-info/view-inner-recruit?csn=MnZsNGkwblpKU0hmK3N1Z1JSSlpGdz09
(주)더블유컨셉코리아,더블유컨셉코리아,https://www.saramin.co.kr/zf_user/company-info/view-inner-recruit?csn=cVpTb2FVOXUveWpBUzJsc0JJRjVhQT09
셀타스퀘어,셀타스퀘어,https://www.saramin.co.kr/zf_user/company-info/view-inner-recruit?csn=M2dIZXZuNzd5bkQrUVJPcERHejZGUT09
(주)엑스큐어넷,엑스큐어넷,https://www.saramin.co.kr/zf_user/company-info/view-inner-recruit?csn=SFlIS0lLa3RpY1pUUVhjdWRzakpJdz09
(주)더블다운인터액티브,더블다운인터액티브,https://www.saramin.co.kr/zf_user/company-info/view-inner-recruit?csn=aUdIV1h2cGlHV0tKODNMK1pFL2hCUT09
메이븐클라우드서비스(주),메이븐클라우드서비스,https://www.saramin.co.kr/zf_user/company-info/view-inner-recruit?csn=cGRrRk5iQ0lFMlNwK0hmSmhzOVJKQT09
(주)코난테크놀로지,코난테크놀로지,https://www.saramin.co.kr/zf_user/company-info/view-inner-recruit?csn=bUFmNmVjQ2x2VEVrOSt0STg3dms5Zz09
(주)링네트,링네트,https://www.saramin.co.kr/zf_user/company-info/view-inner-recruit?csn=Znh1bTVGeVpmanpRb0NUb2wyQXl6Zz09
(주)오누이,오누이,https://www.saramin.co.kr/zf_user/company-info/view-inner-recruit?csn=RHYrYmdXSzhITkhjaXdCN3gxalZhZz09
(주)두플,두플,https://www.saramin.co.kr/zf_user/company-info/view-inner-recruit?csn=RW1vdE01aWlZVTE2bTI2SUpLUUNTdz09
데이터플로,데이터플로,https://www.saramin.co.kr/zf_user/company-info/view-inner-recruit?csn=ZnRRSzlYTDVnV0pyWklxUHNoZXRlZz09
(주)어센트코리아,어센트코리아,https://www.saramin.co.kr/zf_user/company-info/view-inner-recruit?csn=MlFyZzJLNUhVRGpWYTROUjhyV2VaUT09
(주)앤씨앤,앤씨앤,https://www.saramin.co.kr/zf_user/company-info/view-inner-recruit?csn=eCthaktWaExVU2FYM3ZLRUdGS3pYZz09
한양대학교산학협력단,한양대학교산학협력단,https://www.saramin.co.kr/zf_user/company-info/view-inner-recruit?csn=TG1xSG5QeDNPS3lkeHFzRGZXZWlBZz09
(주)인라이플,인라이플,https://www.saramin.co.kr/zf_user/company-info/view-inner-recruit?csn=UVQ4U1R6ZmlFbWp2YVZodkNWRlcvQT09
(주)알에스엔,알에스엔,https://www.saramin.co.kr/zf_user/company-info/view-inner-recruit?csn=VXdlNlJ1V3JMSlU4WXFxdUgrQWpNUT09
(주)민테크,민테크,https://www.saramin.co.kr/zf_user/company-info/view-inner-recruit?csn=WVQvMFpSdlpScmk4ZHR4VE9MQnJqUT09
(주)마크클라우드,마크클라우드,https://www.saramin.co.kr/zf_user/company-info/view-inner-recruit?csn=NEdCS2pIWGVVRm80bmwrL1RqcS9FQT09
충북대학교산학협력단,충북대학교산학협력단,https://www.saramin.co.kr/zf_user/company-info/view-inner-recruit?csn=b2FHMnFCSFNRemZoamxuZkFValgydz09
(주)피처링,피처링,https://www.saramin.co.kr/zf_user/company-info/view-inner-recruit?csn=YURwc1BFaWR2U2xwT3NRdmY4QlhHQT09
(주)몰로코,몰로코,https://www.saramin.co.kr/zf_user/company-info/view-inner-recruit?csn=QzkwOGVmejhHM09jZWc2L2hQK3BaZz09
(주)펄송,펄송,https://www.saramin.co.kr/zf_user/company-info/view-inner-recruit?csn=RXJtbFJYeXNGWDFZTWNhajcxcU5Cdz09
주식회사 제제소프트,주식회사 제제소프트,https://www.saramin.co.kr/zf_user/company-info/view-inner-recruit?csn=QlFETm8za2ZpVmMxV3ozT3RTRnJaUT09
(주)에스투더블유,에스투더블유,https://www.saramin.co.kr/zf_user/company-info/view-inner-recruit?csn=OGw1Q1lpcys0c212dDI4Tk81YkxLUT09
오케스트로(주),오케스트로,https://www.saramin.co.kr/zf_user/company-info/view-inner-recruit?csn=OW9kdVd4QjNNeVowRWtxM29XN1IyZz09
(주)페니로이스,페니로이스,https://www.saramin.co.kr/zf_user/company-info/view-inner-recruit?csn=bVVkK3NBTlpJZFVxVElUOVFyR3kvZz09
(주)엑셈,엑셈,https://www.saramin.co.kr/zf_user/company-info/view-inner-recruit?csn=UzJldGtZVFZnUVcvN2pUaitXN1h1UT09
대신네트웍스(주),대신네트웍스,https://www.saramin.co.kr/zf_user/company-info/view-inner-recruit?csn=WGlka3JzNjRqSWhqZWZUVFVzRkE1dz09
(주)다리소프트,다리소프트,https://www.saramin.co.kr/zf_user/company-info/view-inner-recruit?csn=N0piVlJTNk85TGU4WElUenlMd3VlZz09
(주)이글루코퍼레이션,이글루코퍼레이션,https://www.saramin.co.kr/zf_user/company-info/view-inner-recruit?csn=L2ZKR25TU2UxUHZLYUJHK0J4cHFZUT09
한국생산기술연구원,한국생산기술연구원,https://www.saramin.co.kr/zf_user/company-info/view-inner-recruit?csn=VUJpTWlrTkhPLyttY3pwKzNmdkJQdz09
웨이즈원(주),웨이즈원,https://www.saramin.co.kr/zf_user/company-info/view-inner-recruit?csn=M284MWR3dFFNdlYxeno3OUtBa1RrUT09
주식회사 이지서티,주식회사 이지서티,https://www.saramin.co.kr/zf_user/company-info/view-inner-recruit?csn=UkhRVkhDcm45bTkwaERsbXRPSFpMUT09
(주)엠트리센,엠트리센,https://www.saramin.co.kr/zf_user/company-info/view-inner-recruit?csn=RElwaVo2M1lVQjRnMG1GMHN4QTVZQT09
(주)위마크,위마크,https://www.saramin.co.kr/zf_user/company-info/view-inner-recruit?csn=eGxvWnpaQ2NTeGJ1Nll4MVpwSVh1QT09
(주)하이,하이,https://www.saramin.co.kr/zf_user/company-info/view-inner-recruit?csn=VnQrK0paL1ZRVG5JUnNLZVJBbExRZz09
(주)빗썸코리아,빗썸코리아,https://www.saramin.co.kr/zf_user/company-info/view-inner-recruit?csn=SDVxbnVsOGJsQnhHQkpKMjU3SFpmUT09
(주)버드뷰,버드뷰,https://www.saramin.co.kr/zf_user/company-info/view-inner-recruit?csn=S1N2YzVRckpuMVpwc2UxN3RJQkJYQT09
(주)페이히어,페이히어,https://www.saramin.co.kr/zf_user/company-info/view-inner-recruit?csn=cUxkWEJNNk5zdmNIYm5sYWNCbjlLQT09
NSUSLAB KOREA,NSUSLAB KOREA,https://www.saramin.co.kr/zf_user/company-info/view-inner-recruit?csn=YlVaOStDdjViamw0Y1lBVHhoZ0RZdz09
(사)한국아이씨티기술협회,한국아이씨티기술협회,https://www.saramin.co.kr/zf_user/company-info/view-inner-recruit?csn=YjdaM0NrMDFNMVlPQURzM1ZWU0RkQT09
(주)로이드케이,로이드케이,https://www.saramin.co.kr/zf_user/company-info/view-inner-recruit?csn=K1dPUHJ1ZFU4RUFKMk9MRDhYcnpTQT09
에이블맥스(주),에이블맥스,https://www.saramin.co.kr/zf_user/company-info/view-inner-recruit?csn=aDVvWm1pRnpuYXZDQ1ZpcHV3cUhBUT09
데이터스랩(주),데이터스랩,https://www.saramin.co.kr/zf_user/company-info/view-inner-recruit?csn=REIwNTRWNGJRQ1dJN25rSlJ4REFlUT09
(주)테서,테서,https://www.saramin.co.kr/zf_user/company-info/view-inner-recruit?csn=RE1CczBzNlpEWUNFNXVkeG8zankyUT09
(주)케이앤웍스,케이앤웍스,https://www.saramin.co.kr/zf_user/company-info/view-inner-recruit?csn=SU1VdTU4bm1ZU0dzN2VydXJQVHd5UT09
㈜모니터랩,모니터랩,https://www.saramin.co.kr/zf_user/company-info/view-inner-recruit?csn=cVlDKzhHRzZ1NnJhN2R3bWU2c25NZz09
주식회사 해줌,주식회사 해줌,https://www.saramin.co.kr/zf_user/company-info/view-inner-recruit?csn=YTQ1Y3QydVR4clNtbHlOREVuSFU0QT09
캐롯손해보험(주),캐롯손해보험,https://www.saramin.co.kr/zf_user/company-info/view-inner-recruit?csn=eUVZalJaYnR6UWhRdVg1cnExYkhtdz09
(주)리플에이아이,리플에이아이,https://www.saramin.co.kr/zf_user/company-info/view-inner-recruit?csn=NTVHZ2FkOStaOS9qNk1pcjBobTlzdz09
하이퍼커넥트 유한책임회사,하이퍼커넥트 유한책임회사,https://www.saramin.co.kr/zf_user/company-info/view-inner-recruit?csn=UHh6NXc3Y09jTmxoS3ZkZkxCNmdVZz09
트리노드 주식회사,트리노드 주식회사,https://www.saramin.co.kr/zf_user/company-info/view-inner-recruit?csn=bWRNWG5oY2thdmZRZkN2bGFtN1F4QT09
(주)페이크아이즈,페이크아이즈,https://www.saramin.co.kr/zf_user/company-info/view-inner-recruit?csn=aVk2Mm8yQmxVVXlqUUJYbzZSRWVBQT09
제니스앤컴퍼니(주),제니스앤컴퍼니,https://www.saramin.co.kr/zf_user/company-info/view-inner-recruit?csn=T1VqOXdNQlJFOEZ2SjdpbEkxN0s3dz09
(주)크리에이츠,크리에이츠,https://www.saramin.co.kr/zf_user/company-info/view-inner-recruit?csn=WnpKTWp0T3VaNlR2U0cyQVJjQTZXUT09
(주)디세이코리아,디세이코리아,https://www.saramin.co.kr/zf_user/company-info/view-inner-recruit?csn=dTF4MC9CNHJqb3h1NGNxOWRRaFdldz09
(주)크레스콤,크레스콤,https://www.saramin.co.kr/zf_user/company-info/view-inner-recruit?csn=eDAxUk9oZU1KSjdvV0FvT21kelZyUT09
동성인재개발교육원,동성인재개발교육원,https://www.saramin.co.kr/zf_user/company-info/view-inner-recruit?csn=bSs3b0xuTTVKZmpIZVo5dXA1R1lOdz09
안진회계법인,안진회계법인,https://www.saramin.co.kr/zf_user/company-info/view-inner-recruit?csn=M05yZkVnSjVYVWl4NHc3bDRkc3dkQT09
(주)에듀캔버스,에듀캔버스,https://www.saramin.co.kr/zf_user/company-info/view-inner-recruit?csn=RHZIeVNnN1JGSHJuSUxyR1JvQlhsdz09
와디즈(주),와디즈,https://www.saramin.co.kr/zf_user/company-info/view-inner-recruit?csn=REJ6VXpRTmVFTG5mRzFWckJMZ2hFdz09
(주)파인더스,파인더스,https://www.saramin.co.kr/zf_user/company-info/view-inner-recruit?csn=TmlFRXFKaVlZMTZ6NzBZblJIUGFJdz09
(주)딥노이드,딥노이드,https://www.saramin.co.kr/zf_user/company-info/view-inner-recruit?csn=VCtPUnduQ0diZjdycnEyNFJ6L3REQT09
(주)해줌,해줌,https://www.saramin.co.kr/zf_user/company-info/view-inner-recruit?csn=YTQ1Y3QydVR4clNtbHlOREVuSFU0QT09
(주)파수,파수,https://www.saramin.co.kr/zf_user/company-info/view-inner-recruit?csn=NG5MUnZpcDNJV2FMd1E5cEQvNEtKdz09
(주)디윅스,디윅스,https://www.saramin.co.kr/zf_user/company-info/view-inner-recruit?csn=QzdHLzFONERDNE9pU3UwLy9vUDk5Zz09
(주)델타엑스,델타엑스,https://www.saramin.co.kr/zf_user/company-info/view-inner-recruit?csn=REJBR1NjajhnbURqZ3I2VVROM2ozdz09
(주)데이타이음,데이타이음,https://www.saramin.co.kr/zf_user/company-info/view-inner-recruit?csn=NUxHMy85dDFYNTRJcG5vU1V5L003QT09
(주)고퀄,고퀄,https://www.saramin.co.kr/zf_user/company-info/view-inner-recruit?csn=dmZoVEpvcFM4ZWRUcHRaczhFSU02Zz09
(주)아이엔지스토리,아이엔지스토리,https://www.saramin.co.kr/zf_user/company-info/view-inner-recruit?csn=bnpxMUJRNm1CTEIvakJhS0hCTitWQT09
(주)하나금융티아이,하나금융티아이,https://www.saramin.co.kr/zf_user/company-info/view-inner-recruit?csn=RloxR25Ga1N2WitnT3VybjQ3VzJ4dz09
(주)세컨신드롬,세컨신드롬,https://www.saramin.co.kr/zf_user/company-info/view-inner-recruit?csn=ZVhLV08yS2lFZlg3RHVPd1cvdnpRUT09
가온플랫폼(주),가온플랫폼,https://www.saramin.co.kr/zf_user/company-info/view-inner-recruit?csn=Yi9rWFFvY21yNGtleGYzWndHOUFhUT09
(주)반프,반프,https://www.saramin.co.kr/zf_user/company-info/view-inner-recruit?csn=b2dvazZtb2U3YkVuMFZIaEhzSWY2Zz09
(주)마루온,마루온,https://www.saramin.co.kr/zf_user/company-info/view-inner-recruit?csn=OFlhR2ZjbjkzQUtXZFJQMmxxa1V3UT09
(주)동녘,동녘,https://www.saramin.co.kr/zf_user/company-info/view-inner-recruit?csn=c2oxSzRseVdCUmdzS0Y5eEQzUGRTZz09
(주)윈텍오토메이션,윈텍오토메이션,https://www.saramin.co.kr/zf_user/company-info/view-inner-recruit?csn=dWx2THZSS2FYc0wydm9Ob0VzSG5EZz09
엠클라우드브리지(주),엠클라우드브리지,https://www.saramin.co.kr/zf_user/company-info/view-inner-recruit?csn=VHFNS3pRc0V2ZjRLWmlSbTZGVzdadz09
(주)아이스크림아트,아이스크림아트,https://www.saramin.co.kr/zf_user/company-info/view-inner-recruit?csn=TUpmNmxhR2xVQ2NyU1gzS1lZeTYvUT09
(주)메디픽셀,메디픽셀,https://www.saramin.co.kr/zf_user/company-info/view-inner-recruit?csn=alRSOWVqbFpqQ3NaUnlMZHI4WTc0dz09
(주)페이먼트인앱,페이먼트인앱,https://www.saramin.co.kr/zf_user/company-info/view-inner-recruit?csn=ZUQ1ci9ydGRhZWpqOXVjWVNIYVdCUT09
디아이티(주),디아이티,https://www.saramin.co.kr/zf_user/company-info/view-inner-recruit?csn=U3pLNjZ0WnBxME9oa1FxYmsramY0Zz09
(주)컴퓨터메이트,컴퓨터메이트,https://www.saramin.co.kr/zf_user/company-info/view-inner-recruit?csn=TitOUWJIUkpoY3JvVWt0OXp0NG9MQT09
(주)뉴데이소프트,뉴데이소프트,https://www.saramin.co.kr/zf_user/company-info/view-inner-recruit?csn=c05CMzhQa0dOWitiMTUyYVB2VHV0UT09
세종기술(주),세종기술,https://www.saramin.co.kr/zf_user/company-info/view-inner-recruit?csn=MWJtdVd5bzdJZE1kdWJyQjc4SitrZz09
(주)뷰온,뷰온,https://www.saramin.co.kr/zf_user/company-info/view-inner-recruit?csn=dzhLVWsyeUVZSFFyQ2JyRzJLU1Jsdz09
(주)에이모,에이모,https://www.saramin.co.kr/zf_user/company-info/view-inner-recruit?csn=ZTFPQjk2cHFhUXlSZXhSeU5FYjI2QT09
알지오 평생교육원,알지오 평생교육원,https://www.saramin.co.kr/zf_user/company-info/view-inner-recruit?csn=RnpVT2tVTjQ5S2RDSHBwbHZ3YTBhUT09
현대오토에버(주),현대오토에버,https://www.saramin.co.kr/zf_user/company-info/view-inner-recruit?csn=TVUrT2lHWkZvZGZWU1RmQ2N6K1RMQT09
(주)이동의즐거움,이동의즐거움,https://www.saramin.co.kr/zf_user/company-info/view-inner-recruit?csn=M2plM29HNW5LVWVUNTBJTzE3UzY2UT09
(사)한국컨설팅산업협회,한국컨설팅산업협회,https://www.saramin.co.kr/zf_user/company-info/view-inner-recruit?csn=K3JVVFZmK3NwMFYvSk52TFZXSW5CZz09
브레인즈컴퍼니(주),브레인즈컴퍼니,https://www.saramin.co.kr/zf_user/company-info/view-inner-recruit?csn=NVptS2dmbHdHSEVyZVNjVlorTWk1dz09
에이엠스퀘어(주),에이엠스퀘어,https://www.saramin.co.kr/zf_user/company-info/view-inner-recruit?csn=bkxmRXo5cDZOdWxTeHEza2hnbjdJZz09
(주)시즌,시즌,https://www.saramin.co.kr/zf_user/company-info/view-inner-recruit?csn=YVdMNC9OUGw5MjhBQmRHMXNRRjg0dz09
(주)액션파워,액션파워,https://www.saramin.co.kr/zf_user/company-info/view-inner-recruit?csn=alJCM3cxNnhkVm95bTRhUS9JbEZ6Zz09
(주)에이아이더뉴트리진,에이아이더뉴트리진,https://www.saramin.co.kr/zf_user/company-info/view-inner-recruit?csn=eHlaL2F3NkpYbGVUdHVpNG1oSG15UT09
(주)텐씨엘,텐씨엘,https://www.saramin.co.kr/zf_user/company-info/view-inner-recruit?csn=WVZxRldsNkR6c1hkRERqaWdWZnVPZz09
(주)띵스파이어,띵스파이어,https://www.saramin.co.kr/zf_user/company-info/view-inner-recruit?csn=R2d2MlI2dEVoN2FlSkNLNG1VT1dYdz09
(주)해양정보기술,해양정보기술,https://www.saramin.co.kr/zf_user/company-info/view-inner-recruit?csn=Rzd1ZXlvWGIrVEprSXJSYjNEMzd2UT09
아이티컨버젼스(주),아이티컨버젼스,https://www.saramin.co.kr/zf_user/company-info/view-inner-recruit?csn=UUgwU1AwZUhKOU5YRWgzVHZrakFNUT09
(주)로민,로민,https://www.saramin.co.kr/zf_user/company-info/view-inner-recruit?csn=dmlhKzBVRHo0d1JsTVhaczlxMG1sZz09
(주)슈프리마,슈프리마,https://www.saramin.co.kr/zf_user/company-info/view-inner-recruit?csn=RkVsUWVvVXE2U0MzVk4wZlk0VUxxUT09
(주)아이티테크,아이티테크,https://www.saramin.co.kr/zf_user/company-info/view-inner-recruit?csn=M0FlZnU3bldIQzN3YTJEVHlsRlZnQT09
(주)클라모스,클라모스,https://www.saramin.co.kr/zf_user/company-info/view-inner-recruit?csn=ZDhiRUZsb2NRa2pJa1JyRmFPcTlkUT09
(주)플렉싱크,플렉싱크,https://www.saramin.co.kr/zf_user/company-info/view-inner-recruit?csn=c3FFRjVZMHczclF4cjR3djE4Z3VaUT09
(주)디퍼아이,디퍼아이,https://www.saramin.co.kr/zf_user/company-info/view-inner-recruit?csn=Z3I5aDN5UXovSjdhUmREODVmRW9IQT09
(주)베스텔라랩,베스텔라랩,https://www.saramin.co.kr/zf_user/company-info/view-inner-recruit?csn=eW5Ta1JzZUpMNXU0dE5lVnJaZlRPUT09
(주)디노,디노,https://www.saramin.co.kr/zf_user/company-info/view-inner-recruit?csn=ZEQxRTJSNGRUaElUN2JQYm53Zjc2Zz09
(주)아이티엘,아이티엘,https://www.saramin.co.kr/zf_user/company-info/view-inner-recruit?csn=OWNzc3oxSkQrS1J2WGtuaFpBQXBFZz09
에이블제이(주),에이블제이,https://www.saramin.co.kr/zf_user/company-info/view-inner-recruit?csn=UU1nMzUwR1p5KzVvSENoTk9Lem8rQT09
(주)엔지온시스템,엔지온시스템,https://www.saramin.co.kr/zf_user/company-info/view-inner-recruit?csn=R1hIZjgyUUpITEVtaVc1a2JQNldNUT09
(주)엠디에스인텔리전스,엠디에스인텔리전스,https://www.saramin.co.kr/zf_user/company-info/view-inner-recruit?csn=S2NzRmltUGU1SS8xWEFYTzVwZDM5QT09
충북대학교병원,충북대학교병원,https://www.saramin.co.kr/zf_user/company-info/view-inner-recruit?csn=MEJWbTVxRFBHSDltRjlYbkZMdmN5Zz09
(주)딥인사이트,딥인사이트,https://www.saramin.co.kr/zf_user/company-info/view-inner-recruit?csn=LzZDSHVLdThSWFA2TW14TnpvYWlKdz09
(주)한국아이티전문학원,한국아이티전문학원,https://www.saramin.co.kr/zf_user/company-info/view-inner-recruit?csn=Zi9zTlpUdGN5MkI5c3ViTlRVU1QyZz09
티맵모빌리티(주),티맵모빌리티,https://www.saramin.co.kr/zf_user/company-info/view-inner-recruit?csn=V0JLcnNPNlRFRk1wanZtdmRBcmlodz09
(주)미래전파공학연구소,미래전파공학연구소,https://www.saramin.co.kr/zf_user/company-info/view-inner-recruit?csn=aDhiNDBUZUI3TnFvekg3L2xZNXRhUT09
(주)엠에이치엔씨티,엠에이치엔씨티,https://www.saramin.co.kr/zf_user/company-info/view-inner-recruit?csn=ZmUwV0RyVW5UakVXVlpidG1MaThwUT09
(주)뎁스,뎁스,https://www.saramin.co.kr/zf_user/company-info/view-inner-recruit?csn=Q0EwRGNqM3FLRlpWQTFxVkxnNEkzZz09
메타빌드(주),메타빌드,https://www.saramin.co.kr/zf_user/company-info/view-inner-recruit?csn=citlRW1tSENNSkVaK3RPZ1BQZW5XUT09
(주)우주일렉트로닉스,우주일렉트로닉스,https://www.saramin.co.kr/zf_user/company-info/view-inner-recruit?csn=bWxaTEhKY2Y3ODZJWjk1OENaWnNCZz09
서울대학교병원,서울대학교병원,https://www.saramin.co.kr/zf_user/company-info/view-inner-recruit?csn=bkxZV3RnMktrZ1RGMmJTUTQ1ZmIzZz09
포체인스(주),포체인스,https://www.saramin.co.kr/zf_user/company-info/view-inner-recruit?csn=Z0k1L0puWksyVWdtQWZES1FwaGVQdz09
(주)메가웍스,메가웍스,https://www.saramin.co.kr/zf_user/company-info/view-inner-recruit?csn=TytMY0U5aUJaTnlLM3EwUXVnZDQyZz09
(주)칩스앤미디어,칩스앤미디어,https://www.saramin.co.kr/zf_user/company-info/view-inner-recruit?csn=Y0JzZzE0dzhHaFl6OXJVb1RFdDNsQT09
(주)엠디에스테크,엠디에스테크,https://www.saramin.co.kr/zf_user/company-info/view-inner-recruit?csn=ODZrelZDcHdjT1p4WVJESlVNeUpJdz09
(주)휴머스온,휴머스온,https://www.saramin.co.kr/zf_user/company-info/view-inner-recruit?csn=dy9vbXBLakU4UU1wdVZyZHE3WEc4UT09
주식회사 피매치,주식회사 피매치,https://www.saramin.co.kr/zf_user/company-info/view-inner-recruit?csn=RVpoOHFSK0hRVzNyM0pkdjZXT0V4dz09
(주)업스테이지,업스테이지,https://www.saramin.co.kr/zf_user/company-info/view-inner-recruit?csn=S2RCTlh2UkpuMlNVYWZXWU9hRmltZz09
(주)라온메디,라온메디,https://www.saramin.co.kr/zf_user/company-info/view-inner-recruit?csn=TFlHYXYrK0tPZ2tlOHlOMjlXQWE3dz09
블루닷(주),블루닷,https://www.saramin.co.kr/zf_user/company-info/view-inner-recruit?csn=M2FOdm1keG5FZWdSLzlTMmlKeTArQT09
(주)에프에스솔루션,에프에스솔루션,https://www.saramin.co.kr/zf_user/company-info/view-inner-recruit?csn=aGRYbWRuMHlxV21kMTVNVjNCYWkxZz09
(주)모빌린트,모빌린트,https://www.saramin.co.kr/zf_user/company-info/view-inner-recruit?csn=MXVlRDFrb2dtb3krZ042aTA5aU0rZz09
(주)씨유박스,씨유박스,https://www.saramin.co.kr/zf_user/company-info/view-inner-recruit?csn=Vm5iT3pEWnhhS2lWV1VnR215aWNyUT09
(주)데이터메이커,데이터메이커,https://www.saramin.co.kr/zf_user/company-info/view-inner-recruit?csn=TXV0OVBGdXZhZkVpZUw2OUFYeGdTdz09
(주)데이타솔루션,데이타솔루션,https://www.saramin.co.kr/zf_user/company-info/view-inner-recruit?csn=eWVlS05LcE1nZ0pneGZtNzNRTlZKZz09
(주)코너스톤42,코너스톤42,https://www.saramin.co.kr/zf_user/company-info/view-inner-recruit?csn=ZVNJQ1d1NDRHNEZ2K0EwaENUNDB0QT09
코가로보틱스(주),코가로보틱스,https://www.saramin.co.kr/zf_user/company-info/view-inner-recruit?csn=bHU2Z0MyV21iZEJiUXNaSGJEQng5QT09
(주)리콘랩스,리콘랩스,https://www.saramin.co.kr/zf_user/company-info/view-inner-recruit?csn=a2ZCWWtud29oTVpQUEh2eDM0ZHB4dz09
인터리젠(주),인터리젠,https://www.saramin.co.kr/zf_user/company-info/view-inner-recruit?csn=UEtZWXNkOEtBZlE5Z3VnTi9RU2lhUT09
(주)에코마케팅,에코마케팅,https://www.saramin.co.kr/zf_user/company-info/view-inner-recruit?csn=VUVyWDFvbmVCRGdaSFRSRFBVNDNIQT09
스마트인재개발원(사),스마트인재개발원,https://www.saramin.co.kr/zf_user/company-info/view-inner-recruit?csn=Y0hQRjRzemlISTUxTUVzUEN0dWhodz09
(주)온택트헬스,온택트헬스,https://www.saramin.co.kr/zf_user/company-info/view-inner-recruit?csn=UzFvNWFIMDdoYVI4UXVTd2Y3MURXUT09
(주)클로봇,클로봇,https://www.saramin.co.kr/zf_user/company-info/view-inner-recruit?csn=aTc1RVBIZklBZWU4Tzk1VGFWeFFIZz09
(주)유엔디,유엔디,https://www.saramin.co.kr/zf_user/company-info/view-inner-recruit?csn=T2NNVWprTTBndXN6Q3R5alplU3hYUT09
슈어소프트테크(주),슈어소프트테크,https://www.saramin.co.kr/zf_user/company-info/view-inner-recruit?csn=bjd5WjB2KzFrdE12OXllL09DdmhTQT09
(주)와따,와따,https://www.saramin.co.kr/zf_user/company-info/view-inner-recruit?csn=Y0U4bUdzUjVSeWJzTWFucC9NMk9GUT09
(주)스마트제어계측,스마트제어계측,https://www.saramin.co.kr/zf_user/company-info/view-inner-recruit?csn=TW9nU2wyWkNVemIwUDNwQUt1RVFkZz09
(주)핀인사이트,핀인사이트,https://www.saramin.co.kr/zf_user/company-info/view-inner-recruit?csn=Q3ZDNlNVUXFhN1ZqSTZyUDhWc1c4QT09
(주)아이오티플렉스,아이오티플렉스,https://www.saramin.co.kr/zf_user/company-info/view-inner-recruit?csn=NW1xQnk1VmVqYk5uckZaV2xiYmkydz09
(주)브이엔티지,브이엔티지,https://www.saramin.co.kr/zf_user/company-info/view-inner-recruit?csn=WG9JbHQ1VU5GK3R3SHpGcnpRK0FRQT09
(주)엔엠소프트,엔엠소프트,https://www.saramin.co.kr/zf_user/company-info/view-inner-recruit?csn=Ry9iN0E5NDJ1ZTc3aW9NUVVDanRHZz09
(주)디엔비소프트,디엔비소프트,https://www.saramin.co.kr/zf_user/company-info/view-inner-recruit?csn=TWZHdkR4NUUweGx1Vy9LVjJKKzY0dz09
(주)스터디맥스,스터디맥스,https://www.saramin.co.kr/zf_user/company-info/view-inner-recruit?csn=MWNNVjYrdWtEQUZMdktaZ1JORXYzQT09
(주)세나클소프트,세나클소프트,https://www.saramin.co.kr/zf_user/company-info/view-inner-recruit?csn=NEFXcFdHREt0WkZqQUxMVmRLU01hdz09
(주)씨에스텍,씨에스텍,https://www.saramin.co.kr/zf_user/company-info/view-inner-recruit?csn=RjUrUUQzSlpBeDNWT2tES25DaFJYUT09
(주)애자일소다,애자일소다,https://www.saramin.co.kr/zf_user/company-info/view-inner-recruit?csn=VWVSblpuS3cyL2dEd1c5RkFLSmFrUT09
(주)헤론헬스정보시스템,헤론헬스정보시스템,https://www.saramin.co.kr/zf_user/company-info/view-inner-recruit?csn=Sy90WE9PZ1d4bnVOWWxvYUlvbEl2Zz09
(주)페스카로,페스카로,https://www.saramin.co.kr/zf_user/company-info/view-inner-recruit?csn=THBaVFZmb2djdjh2Y05ZSWFmZW9Wdz09
(주)트윔,트윔,https://www.saramin.co.kr/zf_user/company-info/view-inner-recruit?csn=RHEzSlpGSHplUzh3YkJjMnBQWTdpUT09
(주)지놈인사이트테크놀로지,지놈인사이트테크놀로지,https://www.saramin.co.kr/zf_user/company-info/view-inner-recruit?csn=V3NrU3J5TkZyaHpadVdTODlWNE9MZz09
(주)매그파이소프트,매그파이소프트,https://www.saramin.co.kr/zf_user/company-info/view-inner-recruit?csn=ZG5mM0dlYkFUb1hPSFYyZXpjbXdUQT09
(주)자이오넥스,자이오넥스,https://www.saramin.co.kr/zf_user/company-info/view-inner-recruit?csn=V1lxVE5zVWZ1T2V4eXdqTnFnUm5FZz09
(주)씨메스,씨메스,https://www.saramin.co.kr/zf_user/company-info/view-inner-recruit?csn=cFlISDZaVGNsM2NWUnREV0RlNTlhQT09
이엠솔루션,이엠솔루션,https://www.saramin.co.kr/zf_user/company-info/view-inner-recruit?csn=Sytna3ltMEt6QldCZjdXSkgzL1ptQT09
(주)아이옵스,아이옵스,https://www.saramin.co.kr/zf_user/company-info/view-inner-recruit?csn=c0ZsRmI5UGx6L1pJZHZkRkcxLzgwUT09
(주)하이데이타,하이데이타,https://www.saramin.co.kr/zf_user/company-info/view-inner-recruit?csn=Q04vR2gyaElmdjEyZExLUmRsZzI2UT09
(주)크래프트테크놀로지스,크래프트테크놀로지스,https://www.saramin.co.kr/zf_user/company-info/view-inner-recruit?csn=UjB0MHdkRVJocHprbW5qUnAzTUNOZz09
(주)러닝스푼즈,러닝스푼즈,https://www.saramin.co.kr/zf_user/company-info/view-inner-recruit?csn=dVBueHdvS05SRm9vbkFqeDVaUS90UT09
알피니언메디칼시스템,알피니언메디칼시스템,https://www.saramin.co.kr/zf_user/company-info/view-inner-recruit?csn=aHZsbnBXT3pYYW1TamdjZCtzVi9Idz09
(주)씨케이넷,씨케이넷,https://www.saramin.co.kr/zf_user/company-info/view-inner-recruit?csn=LzZaTW9LdzhCMlFSSE5vTGNFakc3Zz09
메이츠소프트주식회사,메이츠소프트주식회사,https://www.saramin.co.kr/zf_user/company-info/view-inner-recruit?csn=eDJRT2JXcHI4UkdRNEErMU1VMVdSQT09
이마고웍스(주),이마고웍스,https://www.saramin.co.kr/zf_user/company-info/view-inner-recruit?csn=Ly9FcnIwRW9lV0U1RVNLN1lTRjJaUT09
주식회사 에피소든,주식회사 에피소든,https://www.saramin.co.kr/zf_user/company-info/view-inner-recruit?csn=T3JIY2pKa2hSekYxWWVTUmYwd1g4dz09
(주)알지에이아이엔씨,알지에이아이엔씨,https://www.saramin.co.kr/zf_user/company-info/view-inner-recruit?csn=dzZCY05UTE4vcWY4alo1bWFrSk1OQT09
(주)휴맥스모빌리티,휴맥스모빌리티,https://www.saramin.co.kr/zf_user/company-info/view-inner-recruit?csn=dGZKWXNnQlgvQy84akRJWlNrTmFZUT09
(주)머스트잇,머스트잇,https://www.saramin.co.kr/zf_user/company-info/view-inner-recruit?csn=SEZzNmhRcy9heW1nMjEyS1ZIbTh0Zz09
(주)뉴빌리티,뉴빌리티,https://www.saramin.co.kr/zf_user/company-info/view-inner-recruit?csn=RGsxNlhXSWI3R3NPZFZ4QzFxcEJEdz09
(주)비솔,비솔,https://www.saramin.co.kr/zf_user/company-info/view-inner-recruit?csn=UzZhSFJ1NmFrWlBGVm0vZnVwU0FYZz09
(주)다누시스,다누시스,https://www.saramin.co.kr/zf_user/company-info/view-inner-recruit?csn=S291dUtheGIvdGwwU0x0bE5aLzZxUT09
주식회사 파킹허브,주식회사 파킹허브,https://www.saramin.co.kr/zf_user/company-info/view-inner-recruit?csn=d3hIckhOeCtzd0JmTGlQYmkwMkJhQT09
에스케이쉴더스(주),에스케이쉴더스,https://www.saramin.co.kr/zf_user/company-info/view-inner-recruit?csn=WTZqYityZFcrMHJCYVFtOFJZQzc3UT09
(주)디알텍,디알텍,https://www.saramin.co.kr/zf_user/company-info/view-inner-recruit?csn=SEZhelJTTC9aOGd0Q0JkbC9jTkdIQT09
미디어젠(주),미디어젠,https://www.saramin.co.kr/zf_user/company-info/view-inner-recruit?csn=UGFoVEZWVWtZWEJrWXVkajJXYXE4UT09
(주)레이와트,레이와트,https://www.saramin.co.kr/zf_user/company-info/view-inner-recruit?csn=UmpmRkxNYVFxM0JvZytid2x3VVBHZz09
(주)글로벌시스템스,글로벌시스템스,https://www.saramin.co.kr/zf_user/company-info/view-inner-recruit?csn=ZXF5S3Fac3JGNExLTzhQOUlxYTZxUT09
(주)에이아이네이션,에이아이네이션,https://www.saramin.co.kr/zf_user/company-info/view-inner-recruit?csn=d3BFTS9KLzg2eHlpenF5b2tCNHE0UT09
(주)엘로이랩,엘로이랩,https://www.saramin.co.kr/zf_user/company-info/view-inner-recruit?csn=OTdLUmhvMTlYeUl2MVZWNlZ2c3BKZz09
(주)에스에이치텍,에스에이치텍,https://www.saramin.co.kr/zf_user/company-info/view-inner-recruit?csn=VVZGYjYyRDlqRmt6M3p5TVE5M0dmdz09
(주)우경정보기술,우경정보기술,https://www.saramin.co.kr/zf_user/company-info/view-inner-recruit?csn=eEJpMDJhSHZNc2lJb0FBTWljZlFvZz09
(주)비아이매트릭스,비아이매트릭스,https://www.saramin.co.kr/zf_user/company-info/view-inner-recruit?csn=aTV4VGF4M3JxbkJENXREbnNiSkt5Zz09
주식회사 스타랩스,주식회사 스타랩스,https://www.saramin.co.kr/zf_user/company-info/view-inner-recruit?csn=RDUxM3ZOcnIyanpHWjVnd085VE5pZz09
(주)이씨마스타,이씨마스타,https://www.saramin.co.kr/zf_user/company-info/view-inner-recruit?csn=emNxRWs5ZUQ1aUF3ZnV4ZWZQbFpjUT09
부산대학교 지능물류빅데이터연구소,부산대학교 지능물류빅데이터연구소,https://www.saramin.co.kr/zf_user/company-info/view-inner-recruit?csn=bEtBZWFoU1RzTW9vRlZWSWYyazN1UT09
(주)네패스,네패스,https://www.saramin.co.kr/zf_user/company-info/view-inner-recruit?csn=a1h2alhGODlld2ZSZ2EyK3NLYmV1UT09
(주)다비오,다비오,https://www.saramin.co.kr/zf_user/company-info/view-inner-recruit?csn=ZzgrK1BSVzdSUWQxa2dFYkVjZU04UT09
(주)에프원시큐리티,에프원시큐리티,https://www.saramin.co.kr/zf_user/company-info/view-inner-recruit?csn=WSs2WTBFZHQ0Z1FYS0ZCcWNKWHRQUT09
포트리스이노베이션(주),포트리스이노베이션,https://www.saramin.co.kr/zf_user/company-info/view-inner-recruit?csn=ZlgrT2N3M1Z1cHczZGlkdjVHNHdpQT09
국립암센터,국립암센터,https://www.saramin.co.kr/zf_user/company-info/view-inner-recruit?csn=MmN4REpoWnpvU0dHcml1UXRJMFl3Zz09
코리아엑스퍼트(주),코리아엑스퍼트,https://www.saramin.co.kr/zf_user/company-info/view-inner-recruit?csn=RGF3M2VyVUJTUU1vSm5DdDJscmJIQT09
(주)넥슨,넥슨,https://www.saramin.co.kr/zf_user/company-info/view-inner-recruit?csn=eFN2TGwybFErZHBza0Nkb09ld1B6UT09
(주)스튜디오갈릴레이,스튜디오갈릴레이,https://www.saramin.co.kr/zf_user/company-info/view-inner-recruit?csn=NENtMkdIVkhKYzB4WXRpcUt4emcyUT09
퓨렌스(주),퓨렌스,https://www.saramin.co.kr/zf_user/company-info/view-inner-recruit?csn=aWx4MWFqbWpNdDFGbVRZdmxYQ2ZBQT09
(주)한백전자,한백전자,https://www.saramin.co.kr/zf_user/company-info/view-inner-recruit?csn=Yll5a0hZK1hrTHprOXA3cy9nRkE5Zz09
(주)모빅랩,모빅랩,https://www.saramin.co.kr/zf_user/company-info/view-inner-recruit?csn=NERnRXZSa05pM0xBcEZMYW0ybGdDQT09
(주)한싹,한싹,https://www.saramin.co.kr/zf_user/company-info/view-inner-recruit?csn=RDExRU45aTViUEpZamdwV0pwNXllQT09
(주)티맥스메타버스,티맥스메타버스,https://www.saramin.co.kr/zf_user/company-info/view-inner-recruit?csn=ODl5ck1iN0RVWnphUlRyclF0M25idz09
(주)포스로직,포스로직,https://www.saramin.co.kr/zf_user/company-info/view-inner-recruit?csn=eHhFNjU5RGdqYWtnSUpYbkg0U2QzQT09
(주)데브,데브,https://www.saramin.co.kr/zf_user/company-info/view-inner-recruit?csn=MTVNSXZFVU45K1B1V2U2RXlsSGFRZz09
라온피플(주),라온피플,https://www.saramin.co.kr/zf_user/company-info/view-inner-recruit?csn=VVpETU4vMi84QzlTL1FGYnFsUGVoUT09
(주)누리어시스템,누리어시스템,https://www.saramin.co.kr/zf_user/company-info/view-inner-recruit?csn=eVdlSythUUUzUzRyc2c0bEFmbGc4dz09
(주)옵트에이아이,옵트에이아이,https://www.saramin.co.kr/zf_user/company-info/view-inner-recruit?csn=R1NScnY5elFFU0Y4VjVWdlZYd0wrQT09
팀스파르타(주),팀스파르타,https://www.saramin.co.kr/zf_user/company-info/view-inner-recruit?csn=aFhVM3BGOHMxM3lUQ0o3MEMzWFBUQT09
(주)사피온코리아,사피온코리아,https://www.saramin.co.kr/zf_user/company-info/view-inner-recruit?csn=Y05ralllYkJYbmJwRlF4QTBPblg3UT09
(주)새론솔루션,새론솔루션,https://www.saramin.co.kr/zf_user/company-info/view-inner-recruit?csn=bU1EOUttQzlDakRIRjl2czV6QjEwQT09
(주)에이젠코어,에이젠코어,https://www.saramin.co.kr/zf_user/company-info/view-inner-recruit?csn=bGlTNGR0d0M2dTVlaXVremZYWEFLQT09
(주)에스에이티,에스에이티,https://www.saramin.co.kr/zf_user/company-info/view-inner-recruit?csn=dVV6ZFkzbnpsK3gzNFYvcXdZUmJrQT09
(주)시스콘로보틱스,시스콘로보틱스,https://www.saramin.co.kr/zf_user/company-info/view-inner-recruit?csn=aVllSWdManl0aFJlQTdsanNxbkRCUT09
(주)뉴로메카,뉴로메카,https://www.saramin.co.kr/zf_user/company-info/view-inner-recruit?csn=djc0QW1pUTNWcnlRT2VVZXBTVlJwdz09
(주)알세미,알세미,https://www.saramin.co.kr/zf_user/company-info/view-inner-recruit?csn=RmpCeEljckg3UEtkNUxhR0tucUV3Zz09
(주)인터엑스,인터엑스,https://www.saramin.co.kr/zf_user/company-info/view-inner-recruit?csn=RkNKUHpoSTZXY0ZNeENqa0dKR3Nwdz09
(주)딥브레인에이아이,딥브레인에이아이,https://www.saramin.co.kr/zf_user/company-info/view-inner-recruit?csn=MmFtZmxiVWJBdmZkQ2V5MWorSlpaZz09
(주)토페스,토페스,https://www.saramin.co.kr/zf_user/company-info/view-inner-recruit?csn=Z2o4SkNKQlVheHVOeUZnME1FVVNxZz09
이노뎁(주),이노뎁,https://www.saramin.co.kr/zf_user/company-info/view-inner-recruit?csn=RUJIa1hYVDZ5SXpGMWRDaElqdUJoUT09
아이앤티,아이앤티,https://www.saramin.co.kr/zf_user/company-info/view-inner-recruit?csn=UFpnY0xjRndsR1gvbzhEN1plVERrUT09
(주)아이앤티로보틱스,아이앤티로보틱스,https://www.saramin.co.kr/zf_user/company-info/view-inner-recruit?csn=NFRkNnhXTm9kZGVlRVVvQWd4cVZZUT09
(주)에이치비테크놀러지,에이치비테크놀러지,https://www.saramin.co.kr/zf_user/company-info/view-inner-recruit?csn=SmhNYi9ZZTBCM3J3SVk5MTlTazU1QT09
아이넷캅,아이넷캅,https://www.saramin.co.kr/zf_user/company-info/view-inner-recruit?csn=Si8yN2ZGWmlqSEF5STdGTTBGUjNwdz09
삼성전자(주),삼성전자,https://www.saramin.co.kr/zf_user/company-info/view-inner-recruit?csn=UjVaSHBEcTFsdFUzQ3F4dDFTeXVKZz09
(주)제이엘케이,제이엘케이,https://www.saramin.co.kr/zf_user/company-info/view-inner-recruit?csn=dGJHczlpN0NvYWNkaEhUbGRXZXdKUT09
뉴로핏(주),뉴로핏,https://www.saramin.co.kr/zf_user/company-info/view-inner-recruit?csn=cmozL2NlN2QxbDN0YXVMNVpEK1A4UT09
(주)오토웰즈,오토웰즈,https://www.saramin.co.kr/zf_user/company-info/view-inner-recruit?csn=a1NUQVVNY1dtQ3VmZnFKYlZOVmRoUT09
(주)페르소나에이아이,페르소나에이아이,https://www.saramin.co.kr/zf_user/company-info/view-inner-recruit?csn=cllYYkEyQmYwQThCL1YrYThtQmNNdz09
(주)시스윈모빌리티,시스윈모빌리티,https://www.saramin.co.kr/zf_user/company-info/view-inner-recruit?csn=bVZ6MjVDOCtyaXk1S3BIdzFYQTgvdz09
(주)무하유,무하유,https://www.saramin.co.kr/zf_user/company-info/view-inner-recruit?csn=UHcxMVhmMmVpdjFJQ2NuZXlwUHRHdz09
(주)픽소니어,픽소니어,https://www.saramin.co.kr/zf_user/company-info/view-inner-recruit?csn=R0J1MEczcEc5UHBrcVBGYld6RGhXdz09
서울특별시보라매병원,서울특별시보라매병원,https://www.saramin.co.kr/zf_user/company-info/view-inner-recruit?csn=WU1xQ2pZeVFzdzVxT1IvWHRYdHUvQT09
부산더조은직업전문학교,부산더조은직업전문학교,https://www.saramin.co.kr/zf_user/company-info/view-inner-recruit?csn=LzQzV2Y2aDljbTVFdTd0T09WYkpNdz09
아토리서치(주),아토리서치,https://www.saramin.co.kr/zf_user/company-info/view-inner-recruit?csn=S0drZ0ZSVTArb3JjR0ZpOXFKNXlMZz09
(주)아이유노글로벌,아이유노글로벌,https://www.saramin.co.kr/zf_user/company-info/view-inner-recruit?csn=K01ibHNpWFJBcVZOQXZhUE5PUmpOdz09
(주)크래프톤,크래프톤,https://www.saramin.co.kr/zf_user/company-info/view-inner-recruit?csn=VUJYbGh2aXhrZXhxR2FUZVFRK0pMZz09
(주)디엑스지,디엑스지,https://www.saramin.co.kr/zf_user/company-info/view-inner-recruit?csn=WVppdUhjTFNyQjJjbzNLZ3NpVnZEZz09
(주)모빌테크,모빌테크,https://www.saramin.co.kr/zf_user/company-info/view-inner-recruit?csn=NkplYnVhUHJzYWFERFVtRTB4RzZUdz09
(주)블루타일랩,블루타일랩,https://www.saramin.co.kr/zf_user/company-info/view-inner-recruit?csn=dUZrSXZzR0FjNHNlZC85UCtUYWg2QT09
주식회사 넥스버,주식회사 넥스버,https://www.saramin.co.kr/zf_user/company-info/view-inner-recruit?csn=YnpOTnBrNWhpaFY0bTN0ckRNQjdHZz09
(주)에픽모바일,에픽모바일,https://www.saramin.co.kr/zf_user/company-info/view-inner-recruit?csn=cGo4cnpybG1DU1RPK3V5VGhYeGhydz09
더이앤엠(주),더이앤엠,https://www.saramin.co.kr/zf_user/company-info/view-inner-recruit?csn=enFiZkQxTTlXcVg2NzFBOHI3L3ZJQT09
일렉트로닉아츠코리아유한책임회사,일렉트로닉아츠코리아유한책임회사,https://www.saramin.co.kr/zf_user/company-info/view-inner-recruit?csn=VmdLeDVyZ1RTTGp0WWxldHVqK3VPQT09
(주)에스티씨랩,에스티씨랩,https://www.saramin.co.kr/zf_user/company-info/view-inner-recruit?csn=bzhiRWZ0Mm56VzQ2V1I1dUFzdGx5dz09
㈜에세텔,에세텔,https://www.saramin.co.kr/zf_user/company-info/view-inner-recruit?csn=S0piajBZMU5jcmVDcDZ5OTJqVDh5dz09
(주)에이에스피엔,에이에스피엔,https://www.saramin.co.kr/zf_user/company-info/view-inner-recruit?csn=MDloNjMxa2g3MmJpcmt2NWd1aTJvZz09
뉴로핏 주식회사(강원지점),뉴로핏 주식회사(강원지점),https://www.saramin.co.kr/zf_user/company-info/view-inner-recruit?csn=RjkwMEJ3RGVraitpaURxYlBrdHZMQT09
(주)사일로랩,사일로랩,https://www.saramin.co.kr/zf_user/company-info/view-inner-recruit?csn=SWhoQnNWY05hQmNBWkxPYjZodkxIdz09
(주)시스윈로보틱스,시스윈로보틱스,https://www.saramin.co.kr/zf_user/company-info/view-inner-recruit?csn=YkRjZzU4bWpKZWJncnpkQXZUWFNOZz09
(주)딥엑스,딥엑스,https://www.saramin.co.kr/zf_user/company-info/view-inner-recruit?csn=VlNsVktvTUtSb05RazBvUVdDOHBaQT09
(주)커넥티드인사이트,커넥티드인사이트,https://www.saramin.co.kr/zf_user/company-info/view-inner-recruit?csn=Z1RTSDh0UU5pNUZQeStQYUVtb3Vqdz09
(주)머신앤비전,머신앤비전,https://www.saramin.co.kr/zf_user/company-info/view-inner-recruit?csn=cSsvRjdGRGE3T0JlTlhPRU0ydkhNZz09
(주)마이크로시스템,마이크로시스템,https://www.saramin.co.kr/zf_user/company-info/view-inner-recruit?csn=OUV0ZGd4YTZKWVdFajRmelJ6ZVdTQT09
(주)메리테크,메리테크,https://www.saramin.co.kr/zf_user/company-info/view-inner-recruit?csn=TXlsVUNZVHJ5Z3B6elAvQWlQSng1Zz09
(주)코어시큐리티,코어시큐리티,https://www.saramin.co.kr/zf_user/company-info/view-inner-recruit?csn=NEtiYkpzdi94L1RsWEl0M0k0VUNUdz09
클라우드호스피탈(주),클라우드호스피탈,https://www.saramin.co.kr/zf_user/company-info/view-inner-recruit?csn=WHR5V0srUHRRT0FoeFp2OXAyYWJTUT09
(주)사이버네틱스이미징시스템즈,사이버네틱스이미징시스템즈,https://www.saramin.co.kr/zf_user/company-info/view-inner-recruit?csn=WjFUU1lpb29QSUVRWFV1UXBKRHpHUT09
(주)잼코딩,잼코딩,https://www.saramin.co.kr/zf_user/company-info/view-inner-recruit?csn=VzZObVByejlhai9qZnJudlVaN21OZz09
(주)모비루스,모비루스,https://www.saramin.co.kr/zf_user/company-info/view-inner-recruit?csn=Tk9XMUJIZnNPZTlEbzNNL0pKS0N1dz09
(주)에이치아이티에스,에이치아이티에스,https://www.saramin.co.kr/zf_user/company-info/view-inner-recruit?csn=REtmSkJvcWI2dEd6NDBURzk0OVFFdz09
(주)테크윙,테크윙,https://www.saramin.co.kr/zf_user/company-info/view-inner-recruit?csn=VFFvWWNMSGhjdTdPZDd4MWZtMGR4dz09
본아이에프(주),본아이에프,https://www.saramin.co.kr/zf_user/company-info/view-inner-recruit?csn=OWUzUmJrbmN2K2xWMjFOcEtVN05iUT09
(주)피어테크,피어테크,https://www.saramin.co.kr/zf_user/company-info/view-inner-recruit?csn=OFpLTTR4V09PTmpYRmFWSDdjYmtadz09
(주)하이퍼놀로지,하이퍼놀로지,https://www.saramin.co.kr/zf_user/company-info/view-inner-recruit?csn=OWdueGZLRVM3V2RVaEIvbFV2ZFNaQT09
(주)보스반도체,보스반도체,https://www.saramin.co.kr/zf_user/company-info/view-inner-recruit?csn=OWRUeHhBbmJ6ZXpDdHdqRTRSYml6QT09
(주)그린리본,그린리본,https://www.saramin.co.kr/zf_user/company-info/view-inner-recruit?csn=ajdlY2NXOTV0U3FxQTk1YkR4ckNGZz09
(주)쏘카,쏘카,https://www.saramin.co.kr/zf_user/company-info/view-inner-recruit?csn=bjAxcGdZZG5Cakxmc3ZYRGlXL1pwQT09
(주)비밀리,비밀리,https://www.saramin.co.kr/zf_user/company-info/view-inner-recruit?csn=OGxPSCt5d1RqUHh3MmZqOWVrbG1aUT09
(주)링거스튜디오,링거스튜디오,https://www.saramin.co.kr/zf_user/company-info/view-inner-recruit?csn=RUFQeWdSRnJyQktkbFJMM3NLNXpBZz09
이에스이(주),이에스이,https://www.saramin.co.kr/zf_user/company-info/view-inner-recruit?csn=M214N2JseEVXRlFaYlMwK291TzhuZz09
(주)경우시스테크,경우시스테크,https://www.saramin.co.kr/zf_user/company-info/view-inner-recruit?csn=THdXUkpyeGRycnFYSlVvczRvVjh3QT09
(주)마음에이아이,마음에이아이,https://www.saramin.co.kr/zf_user/company-info/view-inner-recruit?csn=SkVFQm5JbUVrSDc3QWRHVDJaVERPdz09
에이티아이(주),에이티아이,https://www.saramin.co.kr/zf_user/company-info/view-inner-recruit?csn=RjY0YXg2TE5QeExQQTlSNDhnQWVVUT09
주식회사서울랩스,주식회사서울랩스,https://www.saramin.co.kr/zf_user/company-info/view-inner-recruit?csn=WjBTMXBtakthaDNnUDNJSDRCNHJtQT09
지스펙(주),지스펙,https://www.saramin.co.kr/zf_user/company-info/view-inner-recruit?csn=MVFjM2dVUFhpeVovMlNMS1A2S0tRZz09
하마인포(주),하마인포,https://www.saramin.co.kr/zf_user/company-info/view-inner-recruit?csn=SUxkVWRiamZSclRNbjB2ZGZSQVdRQT09
에프원소프트(주),에프원소프트,https://www.saramin.co.kr/zf_user/company-info/view-inner-recruit?csn=VExtdUg0SkN4UW1xRVN6aFI1ZmtnUT09
(주)카카오브이엑스,카카오브이엑스,https://www.saramin.co.kr/zf_user/company-info/view-inner-recruit?csn=MG4wblNhUDRVcldMQ0s1UERTaFM4UT09
(주)소프트위즈,소프트위즈,https://www.saramin.co.kr/zf_user/company-info/view-inner-recruit?csn=a0xxc04yZTRYU3cyU01JcDRtTEpLQT09
주식회사고픽커뮤니케이션,주식회사고픽커뮤니케이션,https://www.saramin.co.kr/zf_user/company-info/view-inner-recruit?csn=RHFaVTB3bkljcGh3MXgvakhCRmJmUT09
한국폴리텍대학 분당융합기술교육원,한국폴리텍대학 분당융합기술교육원,https://www.saramin.co.kr/zf_user/company-info/view-inner-recruit?csn=Y3RMYUZFL1RkeEg1M1phM2V1cXFRUT09
씨제이올리브네트웍스(주),씨제이올리브네트웍스,https://www.saramin.co.kr/zf_user/company-info/view-inner-recruit?csn=NmtJLzlTa2tDeXNlMzluZWlnUzQ5dz09
(주)엑스페릭스,엑스페릭스,https://www.saramin.co.kr/zf_user/company-info/view-inner-recruit?csn=YWF6b1hCNzhBdXZScFFvcUF4SGtXQT09
(주)소만사,소만사,https://www.saramin.co.kr/zf_user/company-info/view-inner-recruit?csn=MUR3Qmd0Zk9zcHJoNXBFNGNaaUpvQT09
(주)피플앤드테크놀러지,피플앤드테크놀러지,https://www.saramin.co.kr/zf_user/company-info/view-inner-recruit?csn=SlhEcDcxck4yRktRVEZ5NnRLUTlUdz09
(주)지인,지인,https://www.saramin.co.kr/zf_user/company-info/view-inner-recruit?csn=d2MraTlaV1c4UThRV1lndTRldy9Ydz09
㈜와이즈넛,와이즈넛,https://www.saramin.co.kr/zf_user/company-info/view-inner-recruit?csn=anV4RmMxWjdGODRUVDI2aDRYN2Ixdz09
뉴메타웍스(주),뉴메타웍스,https://www.saramin.co.kr/zf_user/company-info/view-inner-recruit?csn=U1pKSGR2d0NIN00xRzh2VHZUT0ZLZz09
(주)제이슨,제이슨,https://www.saramin.co.kr/zf_user/company-info/view-inner-recruit?csn=bmtQNWk1aU1sa2hRcTZJV3AzZjBaUT09
(주)이호스트아이씨티,이호스트아이씨티,https://www.saramin.co.kr/zf_user/company-info/view-inner-recruit?csn=ZWlMQXRxVUUzb0VRVUFLQmZJcjJUUT09
동국시스템즈(주),동국시스템즈,https://www.saramin.co.kr/zf_user/company-info/view-inner-recruit?csn=dUtGb1R3RXBBNE1uNkZZTSttcVRWQT09
지식시스템㈜ KSTEC Inc.,지식시스템 KSTEC Inc.,https://www.saramin.co.kr/zf_user/company-info/view-inner-recruit?csn=dGoyYVVFcml4Z3RwL01ncVJLVzRudz09
주식회사 엑스페릭스,주식회사 엑스페릭스,https://www.saramin.co.kr/zf_user/company-info/view-inner-recruit?csn=YWF6b1hCNzhBdXZScFFvcUF4SGtXQT09
(주)미소정보기술,미소정보기술,https://www.saramin.co.kr/zf_user/company-info/view-inner-recruit?csn=WGtOdEdLYllNNmQ2SzlNR0FRcW5udz09
(주)아이쿠카,아이쿠카,https://www.saramin.co.kr/zf_user/company-info/view-inner-recruit?csn=WDhSRnp6MWFnbndCd1lWenNFd1cwZz09
팡고지와이,팡고지와이,https://www.saramin.co.kr/zf_user/company-info/view-inner-recruit?csn=M3cxeGFOZk93VFplMjFFT0RiLzk1QT09
(주)스마트비전,스마트비전,https://www.saramin.co.kr/zf_user/company-info/view-inner-recruit?csn=MDJMQStlRGNIQU51dFlJNFdzRjIwdz09
(주)이파피루스,이파피루스,https://www.saramin.co.kr/zf_user/company-info/view-inner-recruit?csn=VGNZNXR5ZSsyR1NJZ2IrekNUVXludz09
용인시산업진흥원,용인시산업진흥원,https://www.saramin.co.kr/zf_user/company-info/view-inner-recruit?csn=cUhCV0hwU2QwOUlFb2t5WGpENUdadz09
엔에스원소프트(주),엔에스원소프트,https://www.saramin.co.kr/zf_user/company-info/view-inner-recruit?csn=UVQ0WUVZVzRpM0R4QmRVcU9qNytPdz09
(주)이씨에스텔레콤,이씨에스텔레콤,https://www.saramin.co.kr/zf_user/company-info/view-inner-recruit?csn=WUhzUEpNWDlUV1hLK2ViYllYN3VGQT09
비에스지파트너스,비에스지파트너스,https://www.saramin.co.kr/zf_user/company-info/view-inner-recruit?csn=S0RndWdXd0NhMjRaV3RrcExSMlVjZz09
(주)바이브컴퍼니,바이브컴퍼니,https://www.saramin.co.kr/zf_user/company-info/view-inner-recruit?csn=MTBjZ0szOHdtdDg4eVMyL2s1SVNRQT09
(주)클라비,클라비,https://www.saramin.co.kr/zf_user/company-info/view-inner-recruit?csn=bExJdzRDaEtLTTVBaG9TUS8xRzZ4UT09
(주)팔피엠,팔피엠,https://www.saramin.co.kr/zf_user/company-info/view-inner-recruit?csn=cXFjaU1zR0ZQMlhGRVR6SGFiZ0RHdz09
큐텐코리아유한책임회사,큐텐코리아유한책임회사,https://www.saramin.co.kr/zf_user/company-info/view-inner-recruit?csn=Z2x3Tzh0ZEFQS0VtK05ZQXNSRHM1QT09
(주)비갠,비갠,https://www.saramin.co.kr/zf_user/company-info/view-inner-recruit?csn=eTBKTGpRb2lrYzFNTEdjeFlhbmRxQT09
(주)이지테크핀,이지테크핀,https://www.saramin.co.kr/zf_user/company-info/view-inner-recruit?csn=RTVLeFVWR21FMDRDK2Fab3p4cXV6dz09
(주)지씨케어,지씨케어,https://www.saramin.co.kr/zf_user/company-info/view-inner-recruit?csn=L0VOTEVXUGVXZWhRT2ljWnlOYkw1Zz09
일삼헤르츠(주),일삼헤르츠,https://www.saramin.co.kr/zf_user/company-info/view-inner-recruit?csn=U1l4QngyTHJEWWdUL01xbjhYanJ3QT09
오프너드(주),오프너드,https://www.saramin.co.kr/zf_user/company-info/view-inner-recruit?csn=K2x0NFpERld0MWhBVWlCRGpyTi83UT09
엔셀 주식회사,엔셀 주식회사,https://www.saramin.co.kr/zf_user/company-info/view-inner-recruit?csn=emNQV0dOZ0FzQ05TajhuRmRadWpCZz09
(주)온메이커스,온메이커스,https://www.saramin.co.kr/zf_user/company-info/view-inner-recruit?csn=cnRxSkdiK0dTSlRYeXltNFpvcTdSUT09
(주)디비엔텍,디비엔텍,https://www.saramin.co.kr/zf_user/company-info/view-inner-recruit?csn=aHJ0SU55VkVTZVlKc3dyTVNicE5DZz09
(주)넥스트코어테크놀로지,넥스트코어테크놀로지,https://www.saramin.co.kr/zf_user/company-info/view-inner-recruit?csn=UmlJTHhsNHROWmIwSnMxcVlqUHQrZz09
(주)세종아이티직업전문학교,세종아이티직업전문학교,https://www.saramin.co.kr/zf_user/company-info/view-inner-recruit?csn=Wmt6Ly92cCsrTEk0eWRETWUxSFVDdz09
비플라이소프트(주),비플라이소프트,https://www.saramin.co.kr/zf_user/company-info/view-inner-recruit?csn=S1dIZDZtN0RNWGVrQlFORFZCdi9lQT09
주식회사 더씨에스알,주식회사 더씨에스알,https://www.saramin.co.kr/zf_user/company-info/view-inner-recruit?csn=ZUlaTFEzYlVaWGw2TEF4dWNIRWhxQT09
(주)와이비에스,와이비에스,https://www.saramin.co.kr/zf_user/company-info/view-inner-recruit?csn=bkNJQjZic05OYUl0Nk1NVjZMb0p4dz09
(주)조이시티,조이시티,https://www.saramin.co.kr/zf_user/company-info/view-inner-recruit?csn=QVB0UHBlQTlVTDNGeUk1bGlLeGxlUT09
펑타이그레이터차이나(유),펑타이그레이터차이나(유),https://www.saramin.co.kr/zf_user/company-info/view-inner-recruit?csn=WWVWZkhSVy9MOE5XbnFrTHhyaEtzUT09
(주)브이티더블유,브이티더블유,https://www.saramin.co.kr/zf_user/company-info/view-inner-recruit?csn=NFM4S0x4Z1ZuWDFqRy9rbVZPYlF4QT09
(주)아이피나우,아이피나우,https://www.saramin.co.kr/zf_user/company-info/view-inner-recruit?csn=czJHWXhkczVxcUNKd2Zic2NmcG8yQT09
주식회사 아이티엘,주식회사 아이티엘,https://www.saramin.co.kr/zf_user/company-info/view-inner-recruit?csn=OWNzc3oxSkQrS1J2WGtuaFpBQXBFZz09
디딤365(주),디딤365,https://www.saramin.co.kr/zf_user/company-info/view-inner-recruit?csn=U0t4b2w4ZjNTd0dDQWZDYzh4WGZmdz09
제이어스(주),제이어스,https://www.saramin.co.kr/zf_user/company-info/view-inner-recruit?csn=ZnZxVTdrais0V2M1UGppeHhIVnFHUT09
슈어데이터랩(주),슈어데이터랩,https://www.saramin.co.kr/zf_user/company-info/view-inner-recruit?csn=V3RCYWwrc3JVSkd5UWJTaEFyaHptQT09
굿모닝아이텍(주),굿모닝아이텍,https://www.saramin.co.kr/zf_user/company-info/view-inner-recruit?csn=dDhLWm4ybmxDMEVhVjQvcEZjdGt6UT09
(주)아이서티,아이서티,https://www.saramin.co.kr/zf_user/company-info/view-inner-recruit?csn=TU5yUVZCS01WTVR0RHo1VVNFYTBkdz09
매드업,매드업,https://www.saramin.co.kr/zf_user/company-info/view-inner-recruit?csn=KzFkR3NMeit6Q05mekViUktDTUhRUT09
(주)엔엑스테크놀로지,엔엑스테크놀로지,https://www.saramin.co.kr/zf_user/company-info/view-inner-recruit?csn=TjlCakpxdjdQc244eVAwVnUzY2NuUT09
(주)와이즈컨,와이즈컨,https://www.saramin.co.kr/zf_user/company-info/view-inner-recruit?csn=d1VTSmhUK1o4Q2IwVGh2citNbm02QT09
(주)데이터유니버스,데이터유니버스,https://www.saramin.co.kr/zf_user/company-info/view-inner-recruit?csn=ZmYxbk5TQUIyTmpodWxxN0FmNys0Zz09
(주)이엠맵정보,이엠맵정보,https://www.saramin.co.kr/zf_user/company-info/view-inner-recruit?csn=RFh6QWZXQUVZMUlhSnBxcGhaN2JKQT09
(주)인텔리코드,인텔리코드,https://www.saramin.co.kr/zf_user/company-info/view-inner-recruit?csn=dWY0RFNDVGlpV0hwUWtnYmozeUErdz09
(주)아이리스테크놀로지,아이리스테크놀로지,https://www.saramin.co.kr/zf_user/company-info/view-inner-recruit?csn=NHZEckJleTdZaExZV3hLWm5oVGZsQT09
(주)이에스티소프트,이에스티소프트,https://www.saramin.co.kr/zf_user/company-info/view-inner-recruit?csn=ajJPOVNPNWJTOW9qQUw3SEcrcWIzZz09
(주)하스퍼,하스퍼,https://www.saramin.co.kr/zf_user/company-info/view-inner-recruit?csn=RzlmZkN4SUFDVE82dE9FUjJxTXlIUT09
콘센트릭스서비스코리아(유),콘센트릭스서비스코리아(유),https://www.saramin.co.kr/zf_user/company-info/view-inner-recruit?csn=QXNKajBuOC9JK1cvUzZOZmVoZ1lUQT09
(주)데이콘인피니티,데이콘인피니티,https://www.saramin.co.kr/zf_user/company-info/view-inner-recruit?csn=Y1Y2TnhwSi90bFZ6QlZ0endoNHhYQT09
(주)위존,위존,https://www.saramin.co.kr/zf_user/company-info/view-inner-recruit?csn=QStBclA4dWh4S1hmb25sa2VMRDk0QT09
디토닉(주),디토닉,https://www.saramin.co.kr/zf_user/company-info/view-inner-recruit?csn=WWtqUitXaHNsczd0QXN6ejl2SnM1dz09
(주)블루웨일컴퍼니,블루웨일컴퍼니,https://www.saramin.co.kr/zf_user/company-info/view-inner-recruit?csn=M0JGUWFTWUFua3VoakxHVTFuc0hMUT09
(주)블루시스,블루시스,https://www.saramin.co.kr/zf_user/company-info/view-inner-recruit?csn=Y24yZk9EZXJRbjFxQUZsazFvaGNadz09
(주)바운드엑스,바운드엑스,https://www.saramin.co.kr/zf_user/company-info/view-inner-recruit?csn=T3daa3BtQTY5YlZGZXdXelk4Zk1yZz09
포티투닷(주),포티투닷,https://www.saramin.co.kr/zf_user/company-info/view-inner-recruit?csn=NkErbHVwLy9UWEVSNzluOEJnaGJFQT09
(주)오로스테크놀로지,오로스테크놀로지,https://www.saramin.co.kr/zf_user/company-info/view-inner-recruit?csn=T3k3OC9GRmpTa2JCRTRpdEtudXZoZz09
(주)메이머스트,메이머스트,https://www.saramin.co.kr/zf_user/company-info/view-inner-recruit?csn=WDZGZktObUpFUHdjemVhei80NzNjdz09
(주)소프트웨어융합연구소,소프트웨어융합연구소,https://www.saramin.co.kr/zf_user/company-info/view-inner-recruit?csn=SE5HRXpWQVRmMDNpenF3UU5rRzFHdz09
(주)웰그램,웰그램,https://www.saramin.co.kr/zf_user/company-info/view-inner-recruit?csn=TUV0Mm0rMExmK0NndUc1ZGJSbVh5QT09
(주)사이버다임,사이버다임,https://www.saramin.co.kr/zf_user/company-info/view-inner-recruit?csn=Tk85MW1sVTU3T0tOckVzYkw5MGc4Zz09
(주)엠디비,엠디비,https://www.saramin.co.kr/zf_user/company-info/view-inner-recruit?csn=ZHpZWERLYkJ5NFovcDdxcDUyREQrZz09
(주)클라우드네트웍스,클라우드네트웍스,https://www.saramin.co.kr/zf_user/company-info/view-inner-recruit?csn=ZHhzUTcxWXVacnJ5SVBiYzZaVzQydz09
(주)메뉴잇,메뉴잇,https://www.saramin.co.kr/zf_user/company-info/view-inner-recruit?csn=cnBuVVJxQ2ZZdzhPZFJwS0FKandSUT09
메가존클라우드(주),메가존클라우드,https://www.saramin.co.kr/zf_user/company-info/view-inner-recruit?csn=NWkzeDdtcWM0M0hWYW1ZRkFpWlU3dz09
더큼 주식회사,더큼 주식회사,https://www.saramin.co.kr/zf_user/company-info/view-inner-recruit?csn=WS9TQUpBb0lncGVlSStaazM5SUxqdz09
(주)바텍,바텍,https://www.saramin.co.kr/zf_user/company-info/view-inner-recruit?csn=TkpGMzRsSDVjTHF0a25zZDRDRUFoZz09
얼룩소 주식회사,얼룩소 주식회사,https://www.saramin.co.kr/zf_user/company-info/view-inner-recruit?csn=aFRseXZTSXVnOFdnaGhIcGh5TlB4QT09
(주)세라에스,세라에스,https://www.saramin.co.kr/zf_user/company-info/view-inner-recruit?csn=RGR6UEYxQytaVjdIRHFBdy9GMXc2QT09
주식회사 넥스트온,주식회사 넥스트온,https://www.saramin.co.kr/zf_user/company-info/view-inner-recruit?csn=NkhTdjBxKytpSUNnbTV5VUswRVBSdz09
(주)티맥스티베로,티맥스티베로,https://www.saramin.co.kr/zf_user/company-info/view-inner-recruit?csn=R3hzYVdZR1AwbWhDamxBY2l3Q1k4dz09
해율특허법률사무소,해율특허법률사무소,https://www.saramin.co.kr/zf_user/company-info/view-inner-recruit?csn=MTNCMlpVT09PRlN2WWRZTW1QdHltdz09
(주)프리뉴,프리뉴,https://www.saramin.co.kr/zf_user/company-info/view-inner-recruit?csn=aEc0M2NDYUFMcDUyN0loVkJXMGFVdz09
(주)허니냅스,허니냅스,https://www.saramin.co.kr/zf_user/company-info/view-inner-recruit?csn=SGxtWkE1ZWYra0ZwRVNLM2hLTWlyQT09
시냅스이미징(주),시냅스이미징,https://www.saramin.co.kr/zf_user/company-info/view-inner-recruit?csn=R00vclMxZUZvYk1qWVJDdTFVbVU1QT09
(주)원모어시큐리티,원모어시큐리티,https://www.saramin.co.kr/zf_user/company-info/view-inner-recruit?csn=R1dzc2xoSS80MVlqOHFWWHNQUEFVQT09
(주)나노프로텍,나노프로텍,https://www.saramin.co.kr/zf_user/company-info/view-inner-recruit?csn=em9WUDJaRElKV1NJaVJDWWxibHZkdz09
유한책임회사앤서스랩코리아,유한책임회사앤서스랩코리아,https://www.saramin.co.kr/zf_user/company-info/view-inner-recruit?csn=YlVaOStDdjViamw0Y1lBVHhoZ0RZdz09
(주)바심,바심,https://www.saramin.co.kr/zf_user/company-info/view-inner-recruit?csn=Y2JpMEZBOHp4alg3R2x0QmZHWURHZz09
(주)딜리버드코리아,딜리버드코리아,https://www.saramin.co.kr/zf_user/company-info/view-inner-recruit?csn=OG5GZUx3cGpCaE1vdDd5SGduTHIxdz09
(주)랑데뷰,랑데뷰,https://www.saramin.co.kr/zf_user/company-info/view-inner-recruit?csn=RG14anltdFVhVWlmcGl1RXhWZzdtdz09
(주)화인코왁,화인코왁,https://www.saramin.co.kr/zf_user/company-info/view-inner-recruit?csn=Z0ZiN2hPU3pxcHdoVTRPNEZOaHhKUT09
비앤에프테크놀로지㈜,비앤에프테크놀로지,https://www.saramin.co.kr/zf_user/company-info/view-inner-recruit?csn=dVVtTWNRaGVlUEMwb2puUVhtSC9mUT09
(주)모비스,모비스,https://www.saramin.co.kr/zf_user/company-info/view-inner-recruit?csn=NTZEeCtHbDQxdCtrblRHRHZrM2twUT09
(주)라텔앤드파트너즈,라텔앤드파트너즈,https://www.saramin.co.kr/zf_user/company-info/view-inner-recruit?csn=RXRTSlVBY0pvWG1GbWVPNlZ4SWJ2UT09
(주)딥세일즈,딥세일즈,https://www.saramin.co.kr/zf_user/company-info/view-inner-recruit?csn=U21iUlZPMm5lOVNoS285M1JJSlIyQT09
주식회사 미래기술,주식회사 미래기술,https://www.saramin.co.kr/zf_user/company-info/view-inner-recruit?csn=Qkh1ZlQ1SCttTXdveno0bFBlVmFuQT09
(주)에스에스티랩,에스에스티랩,https://www.saramin.co.kr/zf_user/company-info/view-inner-recruit?csn=NG9xbUR2amJwbW1qRnFhU3dXYWdQQT09
(주)플라잎,플라잎,https://www.saramin.co.kr/zf_user/company-info/view-inner-recruit?csn=SlNwN0NFZWJlanhxSzhoa2ttcjF5Zz09
(주)이노비즈,이노비즈,https://www.saramin.co.kr/zf_user/company-info/view-inner-recruit?csn=VktZdEh1cXdnQUdCMThNbkNZTkk0UT09
(주)노르마,노르마,https://www.saramin.co.kr/zf_user/company-info/view-inner-recruit?csn=eWtjRFRSNm43WkRsaFpCa001RlRLZz09
(주)시큐다임,시큐다임,https://www.saramin.co.kr/zf_user/company-info/view-inner-recruit?csn=cUs3V0FXRkRhSWtkTmx3SXRuSXVLZz09
(주)크라우드웍스,크라우드웍스,https://www.saramin.co.kr/zf_user/company-info/view-inner-recruit?csn=eE52N0dmQ0F2Y0VrcEtHREtZS2xMQT09
(주)소프트웨어품질공학센터,소프트웨어품질공학센터,https://www.saramin.co.kr/zf_user/company-info/view-inner-recruit?csn=ZTR0U2hrK1ZFZE5BWUxmK2hXMFJpUT09
(주)아이엠비디엑스,아이엠비디엑스,https://www.saramin.co.kr/zf_user/company-info/view-inner-recruit?csn=YlB4aHlNdlVxcFhBdng5S0VnQW5lQT09
(주)에이치투비즈,에이치투비즈,https://www.saramin.co.kr/zf_user/company-info/view-inner-recruit?csn=WEdwLzVuKzNNMjZwb2NNYVJ4OHZhdz09
알서포트(주),알서포트,https://www.saramin.co.kr/zf_user/company-info/view-inner-recruit?csn=VTNUYVpjMzVncjk0VVc0ZWdjT2JmQT09
(주)로지올,로지올,https://www.saramin.co.kr/zf_user/company-info/view-inner-recruit?csn=SkwrSXRCQjNwd01UN2lnaTBLOVZmQT09
(주)콜론디,콜론디,https://www.saramin.co.kr/zf_user/company-info/view-inner-recruit?csn=a3VhOEpUb2tpSlJIazRCS2ZlMWV6QT09
(주)티더블유에너시스,티더블유에너시스,https://www.saramin.co.kr/zf_user/company-info/view-inner-recruit?csn=TFVWdDFLd3k0aThBYWR1Y1dKNXZrdz09
(주)푸드테크,푸드테크,https://www.saramin.co.kr/zf_user/company-info/view-inner-recruit?csn=L1N5WlZ3ODd5NC9FaThiODZDTHBvdz09
(주)헥토이노베이션,헥토이노베이션,https://www.saramin.co.kr/zf_user/company-info/view-inner-recruit?csn=NzdVLzJPY2krZ0hza3N6MlBCemxadz09
(주)휴비츠,휴비츠,https://www.saramin.co.kr/zf_user/company-info/view-inner-recruit?csn=WWVBam1ScW54MWRJbVV2aWdKaWRoZz09
(주)코그콤,코그콤,https://www.saramin.co.kr/zf_user/company-info/view-inner-recruit?csn=aStOUThla0VmcDVMREFTT09xU3c1UT09
(주)케이에스씨앤씨,케이에스씨앤씨,https://www.saramin.co.kr/zf_user/company-info/view-inner-recruit?csn=cjhFczdZWDN6UmdiTjdHQWtyUWRzdz09
(주)에이치엘엠씨,에이치엘엠씨,https://www.saramin.co.kr/zf_user/company-info/view-inner-recruit?csn=Mk5WREZPQnljaU9xcVVnOVI4MmpWUT09
(주)경신,경신,https://www.saramin.co.kr/zf_user/company-info/view-inner-recruit?csn=MjdvUGlOblhUVnZ2VlNxc3liNy9xQT09
(주)유호스트,유호스트,https://www.saramin.co.kr/zf_user/company-info/view-inner-recruit?csn=d21IcnNiaDlaeWhjcm5OTE81N01sZz09
(주)뉴블라코리아,뉴블라코리아,https://www.saramin.co.kr/zf_user/company-info/view-inner-recruit?csn=S1h6aDdtWWhYblg5U0o2eUFXbXh4dz09
(주)인텔리빅스,인텔리빅스,https://www.saramin.co.kr/zf_user/company-info/view-inner-recruit?csn=RWlZdHF4K1Y2bDlyTUkzRzhINUFkZz09
브런트(주),브런트,https://www.saramin.co.kr/zf_user/company-info/view-inner-recruit?csn=M1NUeWVUNEVSZnJvOG5zYnhPYXpVQT09
(주)포디아트,포디아트,https://www.saramin.co.kr/zf_user/company-info/view-inner-recruit?csn=YTRVdmFTYkJmWXRJQzFsZzUwdjlrUT09
(주)케파스,케파스,https://www.saramin.co.kr/zf_user/company-info/view-inner-recruit?csn=ZHM0OVJoMzlvaGdGb3VkVkNTNG5nZz09
(주)엑스엘게임즈,엑스엘게임즈,https://www.saramin.co.kr/zf_user/company-info/view-inner-recruit?csn=QnpyNXM3OHlQWXdEZVFXOTcySWg3UT09
에스아이아이씨(주),에스아이아이씨,https://www.saramin.co.kr/zf_user/company-info/view-inner-recruit?csn=dGQ3c1FwWmtpOWlIQ3BLSzQwcnI1Zz09
(주)덱스터스튜디오,덱스터스튜디오,https://www.saramin.co.kr/zf_user/company-info/view-inner-recruit?csn=UUxncDBlaU1OVTFmVWhpaVFSSURBZz09
(주)더블유게임즈,더블유게임즈,https://www.saramin.co.kr/zf_user/company-info/view-inner-recruit?csn=RkNDL1ZFMFBuRTdEOXhLaUsvUkcwUT09
(주)투믹스,투믹스,https://www.saramin.co.kr/zf_user/company-info/view-inner-recruit?csn=b3JBWlQySE1vbHE1eHMvckY3dlhYQT09
(주)위메이드,위메이드,https://www.saramin.co.kr/zf_user/company-info/view-inner-recruit?csn=Rkt1ejR6ZE10azN4QUJTNUJBbUxoQT09
(주)마이링크,마이링크,https://www.saramin.co.kr/zf_user/company-info/view-inner-recruit?csn=ZHMvVmZaN29tQklFZXhPdjV5M0VFQT09
(주)젬백스링크,젬백스링크,https://www.saramin.co.kr/zf_user/company-info/view-inner-recruit?csn=ZlNDWVozbzJmaW0rK2VNd1MyZCt5QT09
엔에이치엔(주),엔에이치엔,https://www.saramin.co.kr/zf_user/company-info/view-inner-recruit?csn=M09hZ0V5QVdZRFZ4V2hUNkZ5anZ2Zz09
(주)티맥스알지,티맥스알지,https://www.saramin.co.kr/zf_user/company-info/view-inner-recruit?csn=dGpieXdtdU1xK3BGNXM1cnRzV1hIUT09
알테어엔지니어링(주),알테어엔지니어링,https://www.saramin.co.kr/zf_user/company-info/view-inner-recruit?csn=REhKcHlVQTNmemUxNWtrNDU3bHByQT09
(주)집쇼코리아,집쇼코리아,https://www.saramin.co.kr/zf_user/company-info/view-inner-recruit?csn=b0I5a0tzbFU1alo0aDVmNXYzdkwvZz09
(주)케이디엑스한국데이터거래소,케이디엑스한국데이터거래소,https://www.saramin.co.kr/zf_user/company-info/view-inner-recruit?csn=RzFhWWc2V0ZDOEJqU1ZyZ0JpdjJhZz09
(주)에프앤에프,에프앤에프,https://www.saramin.co.kr/zf_user/company-info/view-inner-recruit?csn=bDFCNGN0QW9KTnpFR09qRDRZQk1jUT09
(주)신테카바이오,신테카바이오,https://www.saramin.co.kr/zf_user/company-info/view-inner-recruit?csn=UjA0Wkl4YjlGRGFERVZZQUJhVHNlQT09
(주)이노그리드,이노그리드,https://www.saramin.co.kr/zf_user/company-info/view-inner-recruit?csn=VjduWE5acGpoQjNxZFFmN2JrODZIdz09
(주)엠디코리아,엠디코리아,https://www.saramin.co.kr/zf_user/company-info/view-inner-recruit?csn=dlhsaDlNQzJTVlE1bkwzTEdGQkZLUT09
폴스타헬스케어(주),폴스타헬스케어,https://www.saramin.co.kr/zf_user/company-info/view-inner-recruit?csn=VVJBTjBsZ3J4RkI4UGpRTG51VWJUZz09
모비두(주),모비두,https://www.saramin.co.kr/zf_user/company-info/view-inner-recruit?csn=YXhRbjZYbE1rQTJmYk5QRjFpNlJlQT09
삼성에스디에스(주),삼성에스디에스,https://www.saramin.co.kr/zf_user/company-info/view-inner-recruit?csn=aTArMW5EbXVaUFRYcTNNdVQ1VFdJQT09
(주)오늘의작업장,오늘의작업장,https://www.saramin.co.kr/zf_user/company-info/view-inner-recruit?csn=SlFnL1llWmxGMWNzM1lQa2RWN2tWdz09
(주)인공지능팩토리,인공지능팩토리,https://www.saramin.co.kr/zf_user/company-info/view-inner-recruit?csn=UzlvaTZ2SG5XVmh3SitSYTJHZ2pNUT09
에이플랫폼(주),에이플랫폼,https://www.saramin.co.kr/zf_user/company-info/view-inner-recruit?csn=QnBJc1hVZkZ2bVdmd1FjUTIzSlJzQT09
한길씨앤씨(주),한길씨앤씨,https://www.saramin.co.kr/zf_user/company-info/view-inner-recruit?csn=Sm1IOEgrNjVxL0JhNlZ0dysxeTVxdz09
(주)지란지교데이터,지란지교데이터,https://www.saramin.co.kr/zf_user/company-info/view-inner-recruit?csn=NmFUMEZXd1JaYVhNQW1sMDVaMlFDZz09
(주)더팀엔터테인먼트,더팀엔터테인먼트,https://www.saramin.co.kr/zf_user/company-info/view-inner-recruit?csn=blRjdEV6cGdIR3VoOWtXaXp2ci9jQT09
(주)웍스메이트,웍스메이트,https://www.saramin.co.kr/zf_user/company-info/view-inner-recruit?csn=UjAxM3BzN29mdUdiUUczWE9TMU9Ndz09
㈜엔정보기술,엔정보기술,https://www.saramin.co.kr/zf_user/company-info/view-inner-recruit?csn=d2R3ZUc5a1ltM3lWL2ZwY0JNMTRuQT09
(주)네오플,네오플,https://www.saramin.co.kr/zf_user/company-info/view-inner-recruit?csn=QWdtMUFGWDUyOTJHdGxmdTM1dWtZdz09
(주)나온소프트,나온소프트,https://www.saramin.co.kr/zf_user/company-info/view-inner-recruit?csn=WVphbmhCY2FTbWRqTjJKK2NsS003dz09
(주)셀바스에이아이,셀바스에이아이,https://www.saramin.co.kr/zf_user/company-info/view-inner-recruit?csn=bkxmOGhZZDUxamRZeWVSUWZlZUlXdz09
인포뱅크(주),인포뱅크,https://www.saramin.co.kr/zf_user/company-info/view-inner-recruit?csn=Y2lCMEZwSUU2b0JFN1Q0cXBkYkl2UT09
(주)디케이테크인,디케이테크인,https://www.saramin.co.kr/zf_user/company-info/view-inner-recruit?csn=czBCTmN6alYxei8yYSs4TVBQQVZHUT09
(주)아미덴탈,아미덴탈,https://www.saramin.co.kr/zf_user/company-info/view-inner-recruit?csn=WWZxTFV1RVVlM0tYU0xKWGsvVWZwQT09
(주)바이브온코퍼레이션,바이브온코퍼레이션,https://www.saramin.co.kr/zf_user/company-info/view-inner-recruit?csn=SnZTY3RxUWRVdk91MWQxZUZZOEhBQT09
(주)디자인아이엠,디자인아이엠,https://www.saramin.co.kr/zf_user/company-info/view-inner-recruit?csn=bFpka2pnWktIbkNNRzF3T0RaYlVTQT09
(주)아이언밸리,아이언밸리,https://www.saramin.co.kr/zf_user/company-info/view-inner-recruit?csn=N2FtcnowdEU1QVRaUUtWSUltTGxHZz09
(주)다이브엑스알,다이브엑스알,https://www.saramin.co.kr/zf_user/company-info/view-inner-recruit?csn=eDM1ZHVrd05VcE15VDBHazRlM2NVQT09
(주)위즈커뮤니케이션즈,위즈커뮤니케이션즈,https://www.saramin.co.kr/zf_user/company-info/view-inner-recruit?csn=c3FTd29nVXN4ZjdzL0h6TzdjdlZwQT09
이지케어텍(주),이지케어텍,https://www.saramin.co.kr/zf_user/company-info/view-inner-recruit?csn=a01NSEN0dldvU1ViZk91bHJFQUZOdz09
(주)팝콘사,팝콘사,https://www.saramin.co.kr/zf_user/company-info/view-inner-recruit?csn=Nk00ZmdqbnZWNzBRTDZzRGVlUHlDUT09
(주)그루넷,그루넷,https://www.saramin.co.kr/zf_user/company-info/view-inner-recruit?csn=UGZ6NVRENUV0MU51S3NjdEFwWTJJQT09
(주)씨에이이테크놀러지,씨에이이테크놀러지,https://www.saramin.co.kr/zf_user/company-info/view-inner-recruit?csn=NEdFei9JVjRIWm1iSFBFcllVbE5HUT09
브이피 주식회사,브이피 주식회사,https://www.saramin.co.kr/zf_user/company-info/view-inner-recruit?csn=b1hCaVpBOGtYSnorSC91d2FaMlY0Zz09
(주)토마토시스템,토마토시스템,https://www.saramin.co.kr/zf_user/company-info/view-inner-recruit?csn=bVJoNWh6VWJIQkh1aE1IZ3h1R1Rldz09
(주)이랜텍,이랜텍,https://www.saramin.co.kr/zf_user/company-info/view-inner-recruit?csn=ZlUwVUhIM0ZWejZHWnVEWk5vaU5PUT09
(주)어밸브,어밸브,https://www.saramin.co.kr/zf_user/company-info/view-inner-recruit?csn=UEMzL0pBTDREUXYvWHdrSXY2MlVPUT09
(주)티라로보틱스,티라로보틱스,https://www.saramin.co.kr/zf_user/company-info/view-inner-recruit?csn=UDBxUC95NU01RkZHTjM2OXB4azFUQT09
(주)아이오티즈,아이오티즈,https://www.saramin.co.kr/zf_user/company-info/view-inner-recruit?csn=ZnlvcGtzYzM2ZXRWeGVodSt5cVAzUT09
(주)칼리버스,칼리버스,https://www.saramin.co.kr/zf_user/company-info/view-inner-recruit?csn=dGdZMFNGVjVxUVU3VFNROXFnanV0Zz09
니어브레인,니어브레인,https://www.saramin.co.kr/zf_user/company-info/view-inner-recruit?csn=blc4ZFE2aHBGTUgxWHMraDNuQzVudz09
(주)투네이션,투네이션,https://www.saramin.co.kr/zf_user/company-info/view-inner-recruit?csn=ajlMam13R3pYb25KbHk1SWdqK3FuUT09
(주)리스트,리스트,https://www.saramin.co.kr/zf_user/company-info/view-inner-recruit?csn=cTV1Z3JweUFJTC83amNpS1B6blhiQT09
캠퍼스세븐(주),캠퍼스세븐,https://www.saramin.co.kr/zf_user/company-info/view-inner-recruit?csn=aldqMHdjSDZRY04zNGFCYUdKdW9Sdz09
(주)씨앰지,씨앰지,https://www.saramin.co.kr/zf_user/company-info/view-inner-recruit?csn=RWtzVWxHNkRZc1RFT3ZDTUxCdWVsZz09
(주)미디어로그,미디어로그,https://www.saramin.co.kr/zf_user/company-info/view-inner-recruit?csn=MTVxRkVZTVJ1bHhNVWlLeFJKRk9EQT09
(주)파오스파트너스,파오스파트너스,https://www.saramin.co.kr/zf_user/company-info/view-inner-recruit?csn=bzZJMlRrdTVqOUZFQVF0dHY3Y3NvUT09
(주)아이디스,아이디스,https://www.saramin.co.kr/zf_user/company-info/view-inner-recruit?csn=K2Z1b2FxSGRCd1Y2VlhsR25zMGN1dz09
(주)제이랩스,제이랩스,https://www.saramin.co.kr/zf_user/company-info/view-inner-recruit?csn=L3ZUczFGR0MzTW9BYUQraXZ2MTdDdz09
센시 주식회사,센시 주식회사,https://www.saramin.co.kr/zf_user/company-info/view-inner-recruit?csn=WW9kV3BsRnFpZ1krRjNHQlZxdEJiUT09
(주)티움솔루션즈,티움솔루션즈,https://www.saramin.co.kr/zf_user/company-info/view-inner-recruit?csn=RTZZdm12TVF2MU9KMk16NUdsK1lVQT09
(주)이지스,이지스,https://www.saramin.co.kr/zf_user/company-info/view-inner-recruit?csn=cmxObjhIV2pmV2ZwMmJ4MnZ1QmNiQT09
헬리오센(주),헬리오센,https://www.saramin.co.kr/zf_user/company-info/view-inner-recruit?csn=bFlYU0hCQTNiZGdHYURxUGVDZDE3QT09
메가존(주),메가존,https://www.saramin.co.kr/zf_user/company-info/view-inner-recruit?csn=QlVQaTUzY1o5YlI4RlpZRHgxdXlNdz09
(주)라온로드,라온로드,https://www.saramin.co.kr/zf_user/company-info/view-inner-recruit?csn=YmRhMUtCcjNFV3dtWVBzTGd3SS8rQT09
세이지리서치(주),세이지리서치,https://www.saramin.co.kr/zf_user/company-info/view-inner-recruit?csn=eGsvQVA2eDZSdnE3Q2ZzSWlaRk9Qdz09
(주)포티투마루,포티투마루,https://www.saramin.co.kr/zf_user/company-info/view-inner-recruit?csn=WVAzS0Z4MDc2dy9KWmFtYXgyN2JwZz09
(주)비젼인,비젼인,https://www.saramin.co.kr/zf_user/company-info/view-inner-recruit?csn=YzMzOFVBWTQ0cUdkR2lRRUFEN1Y5QT09
(주)여의시스템,여의시스템,https://www.saramin.co.kr/zf_user/company-info/view-inner-recruit?csn=QWJhN1hwNnF0TjZsT1YzK2lESHZ4dz09
(주)메가젠임플란트,메가젠임플란트,https://www.saramin.co.kr/zf_user/company-info/view-inner-recruit?csn=Q25kci9jQm0zSSszVktFT2hYV2wwdz09
(주)아이프리즘,아이프리즘,https://www.saramin.co.kr/zf_user/company-info/view-inner-recruit?csn=K3Q0VVJQL2ZQWXRnZldldlpoNDVuZz09
(주)서광시스템,서광시스템,https://www.saramin.co.kr/zf_user/company-info/view-inner-recruit?csn=M0ozSzN0cmlmQVF1UnpzNENVVnNEdz09
(주)포딕스시스템,포딕스시스템,https://www.saramin.co.kr/zf_user/company-info/view-inner-recruit?csn=YngyOEV4bmViL25yYi8wZ3p6ZjVFQT09
(주)렉스퍼,렉스퍼,https://www.saramin.co.kr/zf_user/company-info/view-inner-recruit?csn=WjhnQWlUeUtveS9pUmJKVFlmT2RVQT09
(주)아이브,아이브,https://www.saramin.co.kr/zf_user/company-info/view-inner-recruit?csn=aVdiRHhZcVpIQ0QxSTJDSzhpZGxsdz09
(주)에니트,에니트,https://www.saramin.co.kr/zf_user/company-info/view-inner-recruit?csn=N000T2Zoc2podk4wUkx0TWVOVllEUT09
(주)루닛,루닛,https://www.saramin.co.kr/zf_user/company-info/view-inner-recruit?csn=SkxmMDhCRk9vRHIvRUgxenE2SWo1dz09
(주)디지털팜,디지털팜,https://www.saramin.co.kr/zf_user/company-info/view-inner-recruit?csn=NzB5cjg5OVFkZG5qZWZJQlZmbDVNUT09
(주)포시에스,포시에스,https://www.saramin.co.kr/zf_user/company-info/view-inner-recruit?csn=WE40MmxOVXhyT2UraCs5Qy94NU1xUT09
(주)에이비일팔공,에이비일팔공,https://www.saramin.co.kr/zf_user/company-info/view-inner-recruit?csn=bUNLTlBwNXVZYkl1NExwMm04UWpHdz09
(주)포소드,포소드,https://www.saramin.co.kr/zf_user/company-info/view-inner-recruit?csn=ajhBa01zRTFiV1JzYjBpUFR6cU5hZz09
(주)에이아이트릭스,에이아이트릭스,https://www.saramin.co.kr/zf_user/company-info/view-inner-recruit?csn=S0U1Z0JNNXhYVXlQY0ZVM3puYUJaUT09
(주)필옵틱스,필옵틱스,https://www.saramin.co.kr/zf_user/company-info/view-inner-recruit?csn=MS9COG82b0ZZU1BGVVp4dTdPUElHZz09
(주)포커스블루,포커스블루,https://www.saramin.co.kr/zf_user/company-info/view-inner-recruit?csn=dFdaWlc3MzJVS3pIS045bDUvUWUyUT09
(주)고스트로보틱스테크놀로지,고스트로보틱스테크놀로지,https://www.saramin.co.kr/zf_user/company-info/view-inner-recruit?csn=Y3J5OUtNODZieWxsWk5IckRrV1REdz09
(주)메디인테크,메디인테크,https://www.saramin.co.kr/zf_user/company-info/view-inner-recruit?csn=ZVZaQjdCQzNKUnNaNmRaZm5KQ1hJQT09
(주)에스더블유엠,에스더블유엠,https://www.saramin.co.kr/zf_user/company-info/view-inner-recruit?csn=blV6aStSM0NFdW5DR0FkM3BGdTVPZz09
모비어스(주),모비어스,https://www.saramin.co.kr/zf_user/company-info/view-inner-recruit?csn=N0NhbmoyL09sQUgyWTJ1MUswVS8zZz09
(주)브이텐시스템,브이텐시스템,https://www.saramin.co.kr/zf_user/company-info/view-inner-recruit?csn=RS9TQXpEbGlUNzlpSFo5ZHRoRHhRdz09
시스템테이블,시스템테이블,https://www.saramin.co.kr/zf_user/company-info/view-inner-recruit?csn=cjRCNUppY3J1Y3ZLaXJWdXUvdXFoQT09
(주)하이비젼시스템,하이비젼시스템,https://www.saramin.co.kr/zf_user/company-info/view-inner-recruit?csn=QjdWTnVFelF6cXNKcXhvUFFLOVVJZz09
(주)포시즌스,포시즌스,https://www.saramin.co.kr/zf_user/company-info/view-inner-recruit?csn=c2ducEFFY0pFMCs3RTVTajE3Y2FPZz09
(주)캔탑스,캔탑스,https://www.saramin.co.kr/zf_user/company-info/view-inner-recruit?csn=YlBNT3phREdDM2xEaEphNUcyaDBPdz09
(주)티맥스에이아이,티맥스에이아이,https://www.saramin.co.kr/zf_user/company-info/view-inner-recruit?csn=UG83YlIxTmpXenpuazJPbFNJejZrdz09
(주)휴비스,휴비스,https://www.saramin.co.kr/zf_user/company-info/view-inner-recruit?csn=dmo5ckVoczRGckhEY0pTRmpSR01pUT09
(주)러닝비전,러닝비전,https://www.saramin.co.kr/zf_user/company-info/view-inner-recruit?csn=VFhLcW9mRW8rb1l5c1EyeFhDSWFaQT09
(주)캐시카우,캐시카우,https://www.saramin.co.kr/zf_user/company-info/view-inner-recruit?csn=cjJwcnNPSUV2UnJ2ZEFlc3FDMzczQT09
(주)이프,이프,https://www.saramin.co.kr/zf_user/company-info/view-inner-recruit?csn=QThMenVsZlVQTEdRRmNwV1c1anU3UT09
서울엔지니어링(주),서울엔지니어링,https://www.saramin.co.kr/zf_user/company-info/view-inner-recruit?csn=U0VlSWw2M0FROHF5SkRXcitZRVZRdz09
(주)누리콘,누리콘,https://www.saramin.co.kr/zf_user/company-info/view-inner-recruit?csn=Vm94N2RXZGl3NlVDVndYMFA2cTRjZz09
주식회사 테코,주식회사 테코,https://www.saramin.co.kr/zf_user/company-info/view-inner-recruit?csn=dlZsVVB4d1lXeTFNZVFjdHl0VWVXQT09
(주)알체라,알체라,https://www.saramin.co.kr/zf_user/company-info/view-inner-recruit?csn=V2tKbkdYRkF2NTN4eThHREc4cVVwQT09
와이시스(YSYS),와이시스(YSYS),https://www.saramin.co.kr/zf_user/company-info/view-inner-recruit?csn=SXZaRGozWFEycXlTWVJlN1pzV3FUZz09
(주)필드에스,필드에스,https://www.saramin.co.kr/zf_user/company-info/view-inner-recruit?csn=dHc4MTN4K0F3dzM5RGdCUU1QbXZNZz09
(주)넥스트칩,넥스트칩,https://www.saramin.co.kr/zf_user/company-info/view-inner-recruit?csn=dHJQQWtBMkZqT3UxOUNkOXd6Zko3UT09
(주)일레븐전자,일레븐전자,https://www.saramin.co.kr/zf_user/company-info/view-inner-recruit?csn=SFZMcXZ6a2JLL1ZFSzh3Q0dHc2JxZz09
(주)비알랩,비알랩,https://www.saramin.co.kr/zf_user/company-info/view-inner-recruit?csn=QU11K1liWkxnd1FFZFQ3dGZsbVg0Zz09
주식회사 아이케이랩 (IKLAB Inc.),주식회사 아이케이랩 (IKLAB Inc.),https://www.saramin.co.kr/zf_user/company-info/view-inner-recruit?csn=bnhQWDZhRXpPOUg1U08yVmp3Qkhvdz09
(주)에이아이인사이트,에이아이인사이트,https://www.saramin.co.kr/zf_user/company-info/view-inner-recruit?csn=T0djaWxwdHQweTJETjdUS3kyS2JWZz09
(주)컨텍,컨텍,https://www.saramin.co.kr/zf_user/company-info/view-inner-recruit?csn=SVRJUXUzazVmb1J3TENhS3dNZzJCdz09
굿어스데이터(주),굿어스데이터,https://www.saramin.co.kr/zf_user/company-info/view-inner-recruit?csn=L0VmYVFNa0plU1V5ZjN5bjdOZitPZz09
한진정보통신(주),한진정보통신,https://www.saramin.co.kr/zf_user/company-info/view-inner-recruit?csn=KytyeGYzdUxyd0pZdGhkTG43UFR2QT09
(주)크레이지알파카,크레이지알파카,https://www.saramin.co.kr/zf_user/company-info/view-inner-recruit?csn=OG1vaHMydHpTUDltbzErUytWbWIzUT09
패션그룹형지(주),패션그룹형지,https://www.saramin.co.kr/zf_user/company-info/view-inner-recruit?csn=WUdxZ3dZckp2cHBKM3NVak80QXVpdz09
케이알티(주),케이알티,https://www.saramin.co.kr/zf_user/company-info/view-inner-recruit?csn=cG9rSG5Zcm0xOFR1TUFUNHdMTGFwUT09
(주)튠시스템,튠시스템,https://www.saramin.co.kr/zf_user/company-info/view-inner-recruit?csn=ZnZBSUNNc1FzQkVRZ0lxM0F6a3ZyQT09
(주)맨텍,맨텍,https://www.saramin.co.kr/zf_user/company-info/view-inner-recruit?csn=d3RiSXVFMy9HK3ViazNGRXMyMVVPUT09
(주)데이타뱅크,데이타뱅크,https://www.saramin.co.kr/zf_user/company-info/view-inner-recruit?csn=T1NuWW5MWmJmMGF6L0Ixbk04R3Ztdz09
(주)티디지,티디지,https://www.saramin.co.kr/zf_user/company-info/view-inner-recruit?csn=bTFhM1I3Q3FmYjRScnZTaVZObWF0QT09
(주)송우인포텍,송우인포텍,https://www.saramin.co.kr/zf_user/company-info/view-inner-recruit?csn=UHVmano2bVRZWkx3WGJXYlFJelRqUT09
위메(주),위메,https://www.saramin.co.kr/zf_user/company-info/view-inner-recruit?csn=VW8wZ2czWTNBZUFvR096UGlwNlJGQT09
(주)키다리스튜디오,키다리스튜디오,https://www.saramin.co.kr/zf_user/company-info/view-inner-recruit?csn=amhwVm1sbHZkREhqY2JGdHprL0Ewdz09
(주)이음정보통신기술,이음정보통신기술,https://www.saramin.co.kr/zf_user/company-info/view-inner-recruit?csn=U1BqUVZGLzQvNzRKVldoVjAySmRpQT09
(주)펄어비스,펄어비스,https://www.saramin.co.kr/zf_user/company-info/view-inner-recruit?csn=MnQ4ZHN6Mk5VbElwcVN0ekRwSUJUZz09
(주)코라이즈테크놀로지,코라이즈테크놀로지,https://www.saramin.co.kr/zf_user/company-info/view-inner-recruit?csn=aXNaTUh2NTZFbEFMc3dibE1reUlGdz09
네이버랩스(주),네이버랩스,https://www.saramin.co.kr/zf_user/company-info/view-inner-recruit?csn=d2lxdmpQWXVNMCt6bmI2eEZ2NWVNQT09
(주)온더라이브,온더라이브,https://www.saramin.co.kr/zf_user/company-info/view-inner-recruit?csn=V09QSitHM2FDbWkyclhnWEo2aDVvUT09
주식회사 에이테크,주식회사 에이테크,https://www.saramin.co.kr/zf_user/company-info/view-inner-recruit?csn=WXJndCt1YVVsQXo1WUIrNWk4RW9iZz09
(주)피아이이,피아이이,https://www.saramin.co.kr/zf_user/company-info/view-inner-recruit?csn=a2VHR0p4eThOTWliMUtFaFlpSFdXZz09
전능아이티(주),전능아이티,https://www.saramin.co.kr/zf_user/company-info/view-inner-recruit?csn=MWFCNjAvOXFBSHZCSURGS0U3Q3dCdz09
주식회사 스카이트리오,주식회사 스카이트리오,https://www.saramin.co.kr/zf_user/company-info/view-inner-recruit?csn=OFdnMHVFekVrUGZFYWdZSXJXMHMxZz09
(주)엠파파,엠파파,https://www.saramin.co.kr/zf_user/company-info/view-inner-recruit?csn=WjZIR1JuREQ1dEhwMlJLQ3llRFJUUT09
(주)한울솔루션,한울솔루션,https://www.saramin.co.kr/zf_user/company-info/view-inner-recruit?csn=RllqMitYUEUwSGhURG9HOWZyNjlFZz09
(주)이언커뮤니케이션즈,이언커뮤니케이션즈,https://www.saramin.co.kr/zf_user/company-info/view-inner-recruit?csn=Smp3Y0h3R09BOGgveXlXMlJmYzQxZz09
(주)진학사,진학사,https://www.saramin.co.kr/zf_user/company-info/view-inner-recruit?csn=MTVDWnNnUi96Ny9welZIaGpJQ3kwUT09
(주)이엘피,이엘피,https://www.saramin.co.kr/zf_user/company-info/view-inner-recruit?csn=aXRFeHNxNzRldUQzTDYySHZqNUhPQT09
(주)펨트론,펨트론,https://www.saramin.co.kr/zf_user/company-info/view-inner-recruit?csn=VVorZGNlSC9yLzQzTEVUUDhrckFiZz09
(주)케이템,케이템,https://www.saramin.co.kr/zf_user/company-info/view-inner-recruit?csn=L1d6WEhYYm4yZFg4RXZzS2hVVmFRUT09
(주)럭스로보,럭스로보,https://www.saramin.co.kr/zf_user/company-info/view-inner-recruit?csn=dXJUdkZWMm1IYnZ1ejFleWQxbkpSQT09
아스코(주),아스코,https://www.saramin.co.kr/zf_user/company-info/view-inner-recruit?csn=MDh6UjhXQ2xBYTg1eFpnVEE3ajdKQT09
법무법인와이케이,법무법인와이케이,https://www.saramin.co.kr/zf_user/company-info/view-inner-recruit?csn=RlZzWExZdkhibFhndjcwSlh0bFRYZz09
굿어스(주),굿어스,https://www.saramin.co.kr/zf_user/company-info/view-inner-recruit?csn=bGFtOU4zdjRyY0pYdGUwbGdUdWYvUT09
선진테크(주),선진테크,https://www.saramin.co.kr/zf_user/company-info/view-inner-recruit?csn=OTZ5VUNNOEVsYzk4RzFTdGhQdnJSZz09
(주)수산아이앤티 (구 플러스기술),수산아이앤티 (구 플러스기술),https://www.saramin.co.kr/zf_user/company-info/view-inner-recruit?csn=WkNjeEhJaW9PNHpjcXNZK3ZKaVljdz09
(주)공카,공카,https://www.saramin.co.kr/zf_user/company-info/view-inner-recruit?csn=c0NUeHprSmtKZStUTjdIOVpFZEJNdz09
(주)블루스페이스엠앤디,블루스페이스엠앤디,https://www.saramin.co.kr/zf_user/company-info/view-inner-recruit?csn=RWxuZHZrdGZUUjlTRzZ0Mjh5djUwUT09
이디코어,이디코어,https://www.saramin.co.kr/zf_user/company-info/view-inner-recruit?csn=ZmZqSi9vcW8vWTNjbHZkZ21UbVdtQT09
그린코스(주),그린코스,https://www.saramin.co.kr/zf_user/company-info/view-inner-recruit?csn=b3RqN24yVTV3QzN3SHNXNy82UnJHZz09
(주)에이아이딥,에이아이딥,https://www.saramin.co.kr/zf_user/company-info/view-inner-recruit?csn=d0NZMmRUd1JaNzNuME9LTXJ5WENHZz09
(주)타임게이트,타임게이트,https://www.saramin.co.kr/zf_user/company-info/view-inner-recruit?csn=NnN4YUZ1ZnRWTllTRHZLam5JdU9XZz09
(주)토트,토트,https://www.saramin.co.kr/zf_user/company-info/view-inner-recruit?csn=eFV4UWtsaWdaeEk5UUpod1lsN1JxQT09
(주)와이즈에이아이,와이즈에이아이,https://www.saramin.co.kr/zf_user/company-info/view-inner-recruit?csn=UHA4MXB3dUgzRk9SUTl1bGVzNXBtZz09
애피어코리아 주식회사,애피어코리아 주식회사,https://www.saramin.co.kr/zf_user/company-info/view-inner-recruit?csn=L2pmc2IxMVJCelF5eFJqOVQveTN3QT09
(주)디오에프연구소,디오에프연구소,https://www.saramin.co.kr/zf_user/company-info/view-inner-recruit?csn=NmhFNXN3NklJZGpyem9DKy9CYjBoQT09
(주)네오위즈,네오위즈,https://www.saramin.co.kr/zf_user/company-info/view-inner-recruit?csn=Tnd3RTdNN0s1cm9BUlVFL1EycWdYdz09
(주)피타소프트,피타소프트,https://www.saramin.co.kr/zf_user/company-info/view-inner-recruit?csn=QTJNYmltVHgrNkNNOUpHc0FLK1VWZz09
(주)티에스엠,티에스엠,https://www.saramin.co.kr/zf_user/company-info/view-inner-recruit?csn=TjgzNTNYVjZTMmxJQ0dHRFZDMkJSdz09
(주)엠앤디,엠앤디,https://www.saramin.co.kr/zf_user/company-info/view-inner-recruit?csn=VStOT3crRTBmS1lZRFBHM3Y3Uk1rZz09
(주)필라넷,필라넷,https://www.saramin.co.kr/zf_user/company-info/view-inner-recruit?csn=eWppQ2U1T0lQSTI0RUNRWTVKYzVTdz09
(주)오버레이,오버레이,https://www.saramin.co.kr/zf_user/company-info/view-inner-recruit?csn=UmpiclIzWUxRcUp1MmlQOUJJb3VPdz09
휴먼인써치,휴먼인써치,https://www.saramin.co.kr/zf_user/company-info/view-inner-recruit?csn=amtYa2hNVkQ3M2kvWWEwRG5kMUlZUT09
구루넷,구루넷,https://www.saramin.co.kr/zf_user/company-info/view-inner-recruit?csn=cW1RUVVtQzFHZGFYTDhmcEpUaW9Ydz09
굿커리어,굿커리어,https://www.saramin.co.kr/zf_user/company-info/view-inner-recruit?csn=QWhIN0RUdWVLdFpHVUFMaWpUTHo0UT09
베스트네트워크㈜,베스트네트워크,https://www.saramin.co.kr/zf_user/company-info/view-inner-recruit?csn=ZmQ1SjQ3dzZUUVR0RTJUbUpkakgvQT09
(주)엑스퍼트소사이어티,엑스퍼트소사이어티,https://www.saramin.co.kr/zf_user/company-info/view-inner-recruit?csn=NXI3Z1RuUHhJVEs0UWxmVlE4RGQxZz09
(주)더라이징스타헤딩,더라이징스타헤딩,https://www.saramin.co.kr/zf_user/company-info/view-inner-recruit?csn=dDNpSDJ3bXlSRHorcDVsdG1iTGtrQT09
FORTISPTS Partners,FORTISPTS Partners,https://www.saramin.co.kr/zf_user/company-info/view-inner-recruit?csn=a2dnVSt6bFNlNVRXdDUrRnVOUWF2dz09
(주)피플케어코리아,피플케어코리아,https://www.saramin.co.kr/zf_user/company-info/view-inner-recruit?csn=N1RwdnBkdTVSZGpReHJnNlV3eUlwUT09
피앤오파트너스,피앤오파트너스,https://www.saramin.co.kr/zf_user/company-info/view-inner-recruit?csn=aHlVRFRnTkNudkwwQ0J4d2RrNlVtQT09
(주)에이치알비즈코리아,에이치알비즈코리아,https://www.saramin.co.kr/zf_user/company-info/view-inner-recruit?csn=Z3FCSzRTbFFyeS90K0VJNjJDMUlrQT09
(주)린인파트너스,린인파트너스,https://www.saramin.co.kr/zf_user/company-info/view-inner-recruit?csn=NnZ3cHpCeWU0M21YYlRJV2YwYlRNdz09
온리원파트너스(주),온리원파트너스,https://www.saramin.co.kr/zf_user/company-info/view-inner-recruit?csn=cUFtd1hmak1YcVAyeTZZcFZJWk9zZz09
(주) 케인앤클루컨설팅, 케인앤클루컨설팅,https://www.saramin.co.kr/zf_user/company-info/view-inner-recruit?csn=K0VKOGZxZ0NQZ2JiTkZLMHBqUlB5UT09
(주)스카우트,스카우트,https://www.saramin.co.kr/zf_user/company-info/view-inner-recruit?csn=U2F5TXIzNlhZMzN6bFZmb2kybTEwZz09
G2G 파트너스,G2G 파트너스,https://www.saramin.co.kr/zf_user/company-info/view-inner-recruit?csn=bUI0OHBxSWhCdXhmS1NkVWFNb0NKUT09
(주)스카우트파트너스,스카우트파트너스,https://www.saramin.co.kr/zf_user/company-info/view-inner-recruit?csn=UU9Jb0wxTnAralk5aCs1akVLTDI4UT09
휴먼포커스(주),휴먼포커스,https://www.saramin.co.kr/zf_user/company-info/view-inner-recruit?csn=NFdjYjZoNExlcHNPMER3YkVpZklyQT09
(주)링크앤스카우트,링크앤스카우트,https://www.saramin.co.kr/zf_user/company-info/view-inner-recruit?csn=a0wyTFJSSTc4YnNMWnZzbVRsR3FsUT09
라인서치,라인서치,https://www.saramin.co.kr/zf_user/company-info/view-inner-recruit?csn=ZFFRMlN2cVJHWHJ0NmpuOFY2WGFNZz09
피엔씨서치,피엔씨서치,https://www.saramin.co.kr/zf_user/company-info/view-inner-recruit?csn=RklNNE9vVG9TQ1RsWEdMeDlzZUk0dz09
(주)엔엠에스컨설팅,엔엠에스컨설팅,https://www.saramin.co.kr/zf_user/company-info/view-inner-recruit?csn=T0pGdzkxM2FGSFBBN1dzcGcrbWhUZz09
(주)이음이엔지,이음이엔지,https://www.saramin.co.kr/zf_user/company-info/view-inner-recruit?csn=d1pDcjRLbURFTTZYM0drandsS1hsdz09
(주)스카우트플랜,스카우트플랜,https://www.saramin.co.kr/zf_user/company-info/view-inner-recruit?csn=ZU5Vc0tIVVd6UnJDNHFwd3hYTUh0dz09
엔터웨이파트너스,엔터웨이파트너스,https://www.saramin.co.kr/zf_user/company-info/view-inner-recruit?csn=c3BHeWp2VHdVUzF3UkpncG5QZS91UT09
(주)메이븐앤컴퍼니,메이븐앤컴퍼니,https://www.saramin.co.kr/zf_user/company-info/view-inner-recruit?csn=dGdBSlpZODE3cTBWK0IweVZLbmZuZz09
코리아휴먼리스오스시스템(주),코리아휴먼리스오스시스템,https://www.saramin.co.kr/zf_user/company-info/view-inner-recruit?csn=bU5SNDIweDRqdjdpVFpWMlpRUVJ6dz09
탑커리어인사이트,탑커리어인사이트,https://www.saramin.co.kr/zf_user/company-info/view-inner-recruit?csn=akxWaGNVUmpFM0tOVkwyMXFJa0tJUT09
(주)아데코코리아,아데코코리아,https://www.saramin.co.kr/zf_user/company-info/view-inner-recruit?csn=S0hPQnFNWTdWS1Q4WjMxaFBDOFJJdz09
㈜벤처피플,벤처피플,https://www.saramin.co.kr/zf_user/company-info/view-inner-recruit?csn=Rmd6bWNsOHhRK0czeWF3aUE3bUNpZz09
(주)에스앤티써치,에스앤티써치,https://www.saramin.co.kr/zf_user/company-info/view-inner-recruit?csn=Nzk1T1hPakVNblc3Qk9Dc1dzNFlDZz09
에이치알브로스,에이치알브로스,https://www.saramin.co.kr/zf_user/company-info/view-inner-recruit?csn=K2ljRGNCUDdYZHV3UVcraXd1b0xxZz09
(주)스텝씨,스텝씨,https://www.saramin.co.kr/zf_user/company-info/view-inner-recruit?csn=N1ZPUjRmWmhaUmxYdXBZcTN1YmhuQT09
(주)맨파워코리아,맨파워코리아,https://www.saramin.co.kr/zf_user/company-info/view-inner-recruit?csn=aDJMWlBEMm0wT2laRVJ2dW50MEwrQT09
비에네(BIENE),비에네(BIENE),https://www.saramin.co.kr/zf_user/company-info/view-inner-recruit?csn=cURvMWlPSGplRGY5T096SkZFc3AxZz09
(주)HR컨설팅그룹,HR컨설팅그룹,https://www.saramin.co.kr/zf_user/company-info/view-inner-recruit?csn=QWxnTkMvWGNEQW4zOWNON24zeTFuUT09
피플인사이트파트너스 주식회사,피플인사이트파트너스 주식회사,https://www.saramin.co.kr/zf_user/company-info/view-inner-recruit?csn=RW1Ub0lPZ0dBR2o1cFR0RW1IcktRdz09
피델리티파트너스,피델리티파트너스,https://www.saramin.co.kr/zf_user/company-info/view-inner-recruit?csn=S0svaGhmclpQNXgrUko5b0k2S0hsQT09
(주)에이치알글로벌네트워크,에이치알글로벌네트워크,https://www.saramin.co.kr/zf_user/company-info/view-inner-recruit?csn=V2tFdVl1RHlwT20xNWVFN3U2YTJHdz09
글로벌휴먼컨설팅,글로벌휴먼컨설팅,https://www.saramin.co.kr/zf_user/company-info/view-inner-recruit?csn=clhUNFRUV0ZCdUhyR2E0Z2U1ZXhoUT09
주식회사 핀커스에이치알지,주식회사 핀커스에이치알지,https://www.saramin.co.kr/zf_user/company-info/view-inner-recruit?csn=NmRvK3NzOWJPUmVZbGtqRG5qblhxQT09
제이앤피에이치알컨설팅,제이앤피에이치알컨설팅,https://www.saramin.co.kr/zf_user/company-info/view-inner-recruit?csn=anR0WEIyNWZtU2RNYnZ6Qm9nR2xxZz09
닥터파인드,닥터파인드,https://www.saramin.co.kr/zf_user/company-info/view-inner-recruit?csn=RWd0NWNEeThHelhTelM0OFpuY0lVZz09
(주)키스템프그룹,키스템프그룹,https://www.saramin.co.kr/zf_user/company-info/view-inner-recruit?csn=Wm5sVDd5dlZoQktsUHd1Y0IxYk85UT09
주식회사파인씨앤아이,주식회사파인씨앤아이,https://www.saramin.co.kr/zf_user/company-info/view-inner-recruit?csn=TzBVbHRLUXJISUtOVFNBcDA1SHJpQT09
센텀직업전문학교,센텀직업전문학교,https://www.saramin.co.kr/zf_user/company-info/view-inner-recruit?csn=MjNtbE1CSzBJdWFCRVFKLzg2NkxkQT09
(주)지앤티솔루션,지앤티솔루션,https://www.saramin.co.kr/zf_user/company-info/view-inner-recruit?csn=Mm45TVIrRWRwb3ZIWlIyYlVEb3l4Zz09
파워에이치알,파워에이치알,https://www.saramin.co.kr/zf_user/company-info/view-inner-recruit?csn=Si9JemFLK3NDLzJUVFFLb09uRy9YQT09
더조은컴퓨터아트학원,더조은컴퓨터아트학원,https://www.saramin.co.kr/zf_user/company-info/view-inner-recruit?csn=TDhmQTFCVXRUL0ZYMGxMc3BUTWJ4UT09
코리아써치,코리아써치,https://www.saramin.co.kr/zf_user/company-info/view-inner-recruit?csn=RVVSRjA5cHVzUlEvenF2dU5UWnVEUT09
인터커넥션,인터커넥션,https://www.saramin.co.kr/zf_user/company-info/view-inner-recruit?csn=UVlOdmFkaEFYVm1TQTNjbGNuekxKZz09
(주)비에이블컨설팅그룹,비에이블컨설팅그룹,https://www.saramin.co.kr/zf_user/company-info/view-inner-recruit?csn=TmtYK0N4UzZqODRLY09HYUpnVDAwdz09
휴스존㈜,휴스존,https://www.saramin.co.kr/zf_user/company-info/view-inner-recruit?csn=eitYcXlWSzk3MzhHbGhwUnc4bXQ1UT09
(주)리앤파트너,리앤파트너,https://www.saramin.co.kr/zf_user/company-info/view-inner-recruit?csn=NkJSbkpPZS9JNk5pdGNvZnh5VHBLQT09
㈜ 에프앤이그재큐티브, 에프앤이그재큐티브,https://www.saramin.co.kr/zf_user/company-info/view-inner-recruit?csn=VUN1ZUFUUjNMaGlLbWoyYnpjS2RjZz09
쓰리핸즈(3Handz),쓰리핸즈(3Handz),https://www.saramin.co.kr/zf_user/company-info/view-inner-recruit?csn=ZEJDanU1SmNYcW0yd3dGcU9vd1Jkdz09
(주)솔찬컴퍼니,솔찬컴퍼니,https://www.saramin.co.kr/zf_user/company-info/view-inner-recruit?csn=R3VWRFJFWnlFbzJaRXlQOXJxM1l2Zz09
주식회사 커리어포커스,주식회사 커리어포커스,https://www.saramin.co.kr/zf_user/company-info/view-inner-recruit?csn=MVZhcGVkWE0yb2MzMTU1QTgwRTltdz09
주식회사에델테크,주식회사에델테크,https://www.saramin.co.kr/zf_user/company-info/view-inner-recruit?csn=UGR4em45RFRZZjhpbUZqR2pvdHRRQT09
위더스파트너스(주),위더스파트너스,https://www.saramin.co.kr/zf_user/company-info/view-inner-recruit?csn=WTNQOWM3Y09vbFRkeHR0QWNnWGdTZz09
(주)갤리언컨설팅그룹,갤리언컨설팅그룹,https://www.saramin.co.kr/zf_user/company-info/view-inner-recruit?csn=czIxN084NXZ2SndMSE5jSm1BTFNpZz09
주식회사에스에이티,주식회사에스에이티,https://www.saramin.co.kr/zf_user/company-info/view-inner-recruit?csn=dVV6ZFkzbnpsK3gzNFYvcXdZUmJrQT09
(주) 케이와이씨지(KYCG), 케이와이씨지(KYCG),https://www.saramin.co.kr/zf_user/company-info/view-inner-recruit?csn=T3M3SjJFRGs0eExGbmNvcmVDVXBadz09
(주)글로벌스카우트,글로벌스카우트,https://www.saramin.co.kr/zf_user/company-info/view-inner-recruit?csn=L2pZUjZxbzF5bTJoSS8yT29EejJqQT09
롯데헬스케어(주),롯데헬스케어,https://www.saramin.co.kr/zf_user/company-info/view-inner-recruit?csn=OUlqSFBLSlAyeFIrTk5SM0oxTnhhZz09
(주)모핀,모핀,https://www.saramin.co.kr/zf_user/company-info/view-inner-recruit?csn=R0NQNWdYc0tTTHEvY0h3TlZvREFYUT09
(주)테스트웍스,테스트웍스,https://www.saramin.co.kr/zf_user/company-info/view-inner-recruit?csn=cWdNNmdOUFdVN0FZMnBuZjdzaFZLZz09
한국딥러닝(주),한국딥러닝,https://www.saramin.co.kr/zf_user/company-info/view-inner-recruit?csn=SUdEZmdTNDRnMEJFQzMwZFZnNDNhZz09
(주)비바리퍼블리카,비바리퍼블리카,https://www.saramin.co.kr/zf_user/company-info/view-inner-recruit?csn=N1dNM0tWQ2dRVTBkTHJOSTNYZStpdz09
(주)펀진,펀진,https://www.saramin.co.kr/zf_user/company-info/view-inner-recruit?csn=T1RraHJxR0JuaDlTTnZBcnp1ZjdEdz09
(주)클레,클레,https://www.saramin.co.kr/zf_user/company-info/view-inner-recruit?csn=MlU1eXBjN1I3ZWVxaGgwT2gyOVUxdz09
(주)지엔아이티,지엔아이티,https://www.saramin.co.kr/zf_user/company-info/view-inner-recruit?csn=V0dHRUNxNms1YjRUQ2hhTDU5S3JtQT09
(주)밀버스,밀버스,https://www.saramin.co.kr/zf_user/company-info/view-inner-recruit?csn=UkZJRlo0T3RhMmlkY1Z1emV2Qmoydz09
(주)엑소시스템즈,엑소시스템즈,https://www.saramin.co.kr/zf_user/company-info/view-inner-recruit?csn=ZmZPZkM0MU9lekc2T3RIaENuT2lYZz09
코나모빌리티(주),코나모빌리티,https://www.saramin.co.kr/zf_user/company-info/view-inner-recruit?csn=cTVia3NJclpNREtTbUowNy9pTk4zUT09
(주)이몰디노,이몰디노,https://www.saramin.co.kr/zf_user/company-info/view-inner-recruit?csn=enl1NHRBdUlXa1ZPTFlPMEJZbU53Zz09
(주)자이온아이티에스,자이온아이티에스,https://www.saramin.co.kr/zf_user/company-info/view-inner-recruit?csn=MFlJb2hybDJiYXQ4WHNJeWpubUVwQT09
(주)키미디에스,키미디에스,https://www.saramin.co.kr/zf_user/company-info/view-inner-recruit?csn=TGJvYkd1ampISDhmMU9kWktPeG9Jdz09
(주)이지스헬스케어,이지스헬스케어,https://www.saramin.co.kr/zf_user/company-info/view-inner-recruit?csn=aGUvSmhuTGoyaHBadng0SFhkYXdvZz09
테크빌교육(주),테크빌교육,https://www.saramin.co.kr/zf_user/company-info/view-inner-recruit?csn=d3VnVXJwUXl3eE92S0p3SDdrY0xmUT09
(주)와이아웃,와이아웃,https://www.saramin.co.kr/zf_user/company-info/view-inner-recruit?csn=Wnh1ZnkrZWxNZjVXUnV4RXE0MEFVZz09
(주)소프트넷,소프트넷,https://www.saramin.co.kr/zf_user/company-info/view-inner-recruit?csn=ejIweFVmVG5ZSDlyTDJRNTArcVg4UT09
브이피(주),브이피,https://www.saramin.co.kr/zf_user/company-info/view-inner-recruit?csn=b1hCaVpBOGtYSnorSC91d2FaMlY0Zz09
파킹클라우드(주),파킹클라우드,https://www.saramin.co.kr/zf_user/company-info/view-inner-recruit?csn=V2lRVGpJWnVUaGJqeVZ1TEM3VktXdz09
웰트(주),웰트,https://www.saramin.co.kr/zf_user/company-info/view-inner-recruit?csn=Ni9ndXdTTUhDVXNNM3ZzWWNJSE5xdz09
(주)바티에이아이,바티에이아이,https://www.saramin.co.kr/zf_user/company-info/view-inner-recruit?csn=TmdmekY4V01UbHdwYkd3NHlNU05Hdz09
