IT기업0,IT기업,근속년수,사람인 채용정보 링크
11시11분,(주)11시11분,0.0,https://www.saramin.co.kr/zf_user/company-info/view-inner-recruit?csn=ZHF0TDEyT2J5c0JzN2FRYm9qZUVkdz09
FORTISPTS Partners,FORTISPTS Partners,0.0,https://www.saramin.co.kr/zf_user/company-info/view-inner-recruit?csn=a2dnVSt6bFNlNVRXdDUrRnVOUWF2dz09
G2G 파트너스,G2G 파트너스,0.0,https://www.saramin.co.kr/zf_user/company-info/view-inner-recruit?csn=bUI0OHBxSWhCdXhmS1NkVWFNb0NKUT09
HR컨설팅그룹,(주)HR컨설팅그룹,0.0,https://www.saramin.co.kr/zf_user/company-info/view-inner-recruit?csn=QWxnTkMvWGNEQW4zOWNON24zeTFuUT09
NSUSLAB KOREA,NSUSLAB KOREA,0.0,https://www.saramin.co.kr/zf_user/company-info/view-inner-recruit?csn=YlVaOStDdjViamw0Y1lBVHhoZ0RZdz09
가온플랫폼,가온플랫폼(주),0.0,https://www.saramin.co.kr/zf_user/company-info/view-inner-recruit?csn=Yi9rWFFvY21yNGtleGYzWndHOUFhUT09
경신,(주)경신,0.0,https://www.saramin.co.kr/zf_user/company-info/view-inner-recruit?csn=MjdvUGlOblhUVnZ2VlNxc3liNy9xQT09
경우시스테크,(주)경우시스테크,0.0,https://www.saramin.co.kr/zf_user/company-info/view-inner-recruit?csn=THdXUkpyeGRycnFYSlVvczRvVjh3QT09
고스트로보틱스테크놀로지,(주)고스트로보틱스테크놀로지,0.0,https://www.saramin.co.kr/zf_user/company-info/view-inner-recruit?csn=Y3J5OUtNODZieWxsWk5IckRrV1REdz09
고퀄,(주)고퀄,0.0,https://www.saramin.co.kr/zf_user/company-info/view-inner-recruit?csn=dmZoVEpvcFM4ZWRUcHRaczhFSU02Zz09
고픽커뮤니케이션,주식회사고픽커뮤니케이션,0.0,https://www.saramin.co.kr/zf_user/company-info/view-inner-recruit?csn=RHFaVTB3bkljcGh3MXgvakhCRmJmUT09
구루넷,구루넷,0.0,https://www.saramin.co.kr/zf_user/company-info/view-inner-recruit?csn=cW1RUVVtQzFHZGFYTDhmcEpUaW9Ydz09
국립암센터,국립암센터,0.0,https://www.saramin.co.kr/zf_user/company-info/view-inner-recruit?csn=MmN4REpoWnpvU0dHcml1UXRJMFl3Zz09
굿어스데이터,굿어스데이터(주),0.0,https://www.saramin.co.kr/zf_user/company-info/view-inner-recruit?csn=L0VmYVFNa0plU1V5ZjN5bjdOZitPZz09
굿커리어,굿커리어,0.0,https://www.saramin.co.kr/zf_user/company-info/view-inner-recruit?csn=QWhIN0RUdWVLdFpHVUFMaWpUTHo0UT09
그루넷,(주)그루넷,0.0,https://www.saramin.co.kr/zf_user/company-info/view-inner-recruit?csn=UGZ6NVRENUV0MU51S3NjdEFwWTJJQT09
그린리본,(주)그린리본,0.0,https://www.saramin.co.kr/zf_user/company-info/view-inner-recruit?csn=ajdlY2NXOTV0U3FxQTk1YkR4ckNGZz09
글로벌시스템스,(주)글로벌시스템스,0.0,https://www.saramin.co.kr/zf_user/company-info/view-inner-recruit?csn=ZXF5S3Fac3JGNExLTzhQOUlxYTZxUT09
글로벌휴먼컨설팅,글로벌휴먼컨설팅,0.0,https://www.saramin.co.kr/zf_user/company-info/view-inner-recruit?csn=clhUNFRUV0ZCdUhyR2E0Z2U1ZXhoUT09
글림시스템즈,(주)글림시스템즈,0.0,https://www.saramin.co.kr/zf_user/company-info/view-inner-recruit?csn=dDBwMkRnSitqTmdCWng3ZktFVDFpQT09
나온소프트,(주)나온소프트,0.0,https://www.saramin.co.kr/zf_user/company-info/view-inner-recruit?csn=WVphbmhCY2FTbWRqTjJKK2NsS003dz09
넛지헬스케어,넛지헬스케어(주),0.0,https://www.saramin.co.kr/zf_user/company-info/view-inner-recruit?csn=M2ttVnFiU3hHVUp2SE5xZkZFQ01MQT09
네오디에스,(주)네오디에스,0.0,https://www.saramin.co.kr/zf_user/company-info/view-inner-recruit?csn=OWdHeEU1Ky95NlRjT0gvN29mTmtPdz09
네오바이오텍,(주)네오바이오텍,3.3,https://www.saramin.co.kr/zf_user/company-info/view-inner-recruit?csn=QWErT1oxK2RNeXBqcUR1dGNtWnBBZz09
네오위즈,(주)네오위즈,4.5,https://www.saramin.co.kr/zf_user/company-info/view-inner-recruit?csn=Tnd3RTdNN0s1cm9BUlVFL1EycWdYdz09
네오플,(주)네오플,0.0,https://www.saramin.co.kr/zf_user/company-info/view-inner-recruit?csn=QWdtMUFGWDUyOTJHdGxmdTM1dWtZdz09
네이버랩스,네이버랩스(주),0.0,https://www.saramin.co.kr/zf_user/company-info/view-inner-recruit?csn=d2lxdmpQWXVNMCt6bmI2eEZ2NWVNQT09
네패스,(주)네패스,0.0,https://www.saramin.co.kr/zf_user/company-info/view-inner-recruit?csn=a1h2alhGODlld2ZSZ2EyK3NLYmV1UT09
넥스트칩,(주)넥스트칩,2.7,https://www.saramin.co.kr/zf_user/company-info/view-inner-recruit?csn=dHJQQWtBMkZqT3UxOUNkOXd6Zko3UT09
넥스트코어테크놀로지,(주)넥스트코어테크놀로지,0.0,https://www.saramin.co.kr/zf_user/company-info/view-inner-recruit?csn=UmlJTHhsNHROWmIwSnMxcVlqUHQrZz09
넥슨,(주)넥슨,0.0,https://www.saramin.co.kr/zf_user/company-info/view-inner-recruit?csn=eFN2TGwybFErZHBza0Nkb09ld1B6UT09
넷코아테크,㈜넷코아테크,0.0,https://www.saramin.co.kr/zf_user/company-info/view-inner-recruit?csn=ekhnTHlnZTdCNDgvS0JkVEh3MFdjdz09
노르마,(주)노르마,0.0,https://www.saramin.co.kr/zf_user/company-info/view-inner-recruit?csn=eWtjRFRSNm43WkRsaFpCa001RlRLZz09
노을,노을(주),2.9,https://www.saramin.co.kr/zf_user/company-info/view-inner-recruit?csn=djhsTGludlVlVHhHQlpoYkU0VU1rdz09
누리디에스엠,누리디에스엠(주),0.0,https://www.saramin.co.kr/zf_user/company-info/view-inner-recruit?csn=OTBnQTZvTUVSeWp3allaQ1lBYUlaQT09
누리어시스템,(주)누리어시스템,0.0,https://www.saramin.co.kr/zf_user/company-info/view-inner-recruit?csn=eVdlSythUUUzUzRyc2c0bEFmbGc4dz09
뉴데이소프트,(주)뉴데이소프트,0.0,https://www.saramin.co.kr/zf_user/company-info/view-inner-recruit?csn=c05CMzhQa0dOWitiMTUyYVB2VHV0UT09
뉴로핏,뉴로핏(주),0.0,https://www.saramin.co.kr/zf_user/company-info/view-inner-recruit?csn=cmozL2NlN2QxbDN0YXVMNVpEK1A4UT09
뉴로핏 (강원지점),뉴로핏 주식회사(강원지점),0.0,https://www.saramin.co.kr/zf_user/company-info/view-inner-recruit?csn=RjkwMEJ3RGVraitpaURxYlBrdHZMQT09
뉴블라코리아,(주)뉴블라코리아,0.0,https://www.saramin.co.kr/zf_user/company-info/view-inner-recruit?csn=S1h6aDdtWWhYblg5U0o2eUFXbXh4dz09
뉴빌리티,(주)뉴빌리티,0.0,https://www.saramin.co.kr/zf_user/company-info/view-inner-recruit?csn=RGsxNlhXSWI3R3NPZFZ4QzFxcEJEdz09
뉴클,뉴클(주),0.0,https://www.saramin.co.kr/zf_user/company-info/view-inner-recruit?csn=a0pBbXh6a3VwSUxta2RmWDJZNElWUT09
니어브레인,니어브레인,0.0,https://www.saramin.co.kr/zf_user/company-info/view-inner-recruit?csn=blc4ZFE2aHBGTUgxWHMraDNuQzVudz09
다누시스,(주)다누시스,0.0,https://www.saramin.co.kr/zf_user/company-info/view-inner-recruit?csn=S291dUtheGIvdGwwU0x0bE5aLzZxUT09
다리소프트,(주)다리소프트,0.0,https://www.saramin.co.kr/zf_user/company-info/view-inner-recruit?csn=N0piVlJTNk85TGU4WElUenlMd3VlZz09
다비오,(주)다비오,0.0,https://www.saramin.co.kr/zf_user/company-info/view-inner-recruit?csn=ZzgrK1BSVzdSUWQxa2dFYkVjZU04UT09
다이브엑스알,(주)다이브엑스알,0.0,https://www.saramin.co.kr/zf_user/company-info/view-inner-recruit?csn=eDM1ZHVrd05VcE15VDBHazRlM2NVQT09
다하미커뮤니케이션즈,(주)다하미커뮤니케이션즈,0.0,https://www.saramin.co.kr/zf_user/company-info/view-inner-recruit?csn=SGVIZUprUTdZRU92OHBMSksrMWF2dz09
닥터파인드,닥터파인드,0.0,https://www.saramin.co.kr/zf_user/company-info/view-inner-recruit?csn=RWd0NWNEeThHelhTelM0OFpuY0lVZz09
대신네트웍스,대신네트웍스(주),0.0,https://www.saramin.co.kr/zf_user/company-info/view-inner-recruit?csn=WGlka3JzNjRqSWhqZWZUVFVzRkE1dz09
더라이징스타헤딩,(주)더라이징스타헤딩,0.0,https://www.saramin.co.kr/zf_user/company-info/view-inner-recruit?csn=dDNpSDJ3bXlSRHorcDVsdG1iTGtrQT09
더블다운인터액티브,(주)더블다운인터액티브,3.0,https://www.saramin.co.kr/zf_user/company-info/view-inner-recruit?csn=aUdIV1h2cGlHV0tKODNMK1pFL2hCUT09
더블유게임즈,(주)더블유게임즈,4.0,https://www.saramin.co.kr/zf_user/company-info/view-inner-recruit?csn=RkNDL1ZFMFBuRTdEOXhLaUsvUkcwUT09
더블유컨셉코리아,(주)더블유컨셉코리아,0.0,https://www.saramin.co.kr/zf_user/company-info/view-inner-recruit?csn=cVpTb2FVOXUveWpBUzJsc0JJRjVhQT09
더스윙,(주)더스윙,0.0,https://www.saramin.co.kr/zf_user/company-info/view-inner-recruit?csn=NlB3L3FmcGZvdnVMUHQwYnh4MDVVZz09
더씨에스알,주식회사 더씨에스알,0.0,https://www.saramin.co.kr/zf_user/company-info/view-inner-recruit?csn=ZUlaTFEzYlVaWGw2TEF4dWNIRWhxQT09
더아이엠씨,㈜더아이엠씨,0.0,https://www.saramin.co.kr/zf_user/company-info/view-inner-recruit?csn=MnZsNGkwblpKU0hmK3N1Z1JSSlpGdz09
더이앤엠,더이앤엠(주),2.6,https://www.saramin.co.kr/zf_user/company-info/view-inner-recruit?csn=enFiZkQxTTlXcVg2NzFBOHI3L3ZJQT09
더조은컴퓨터아트학원,더조은컴퓨터아트학원,0.0,https://www.saramin.co.kr/zf_user/company-info/view-inner-recruit?csn=TDhmQTFCVXRUL0ZYMGxMc3BUTWJ4UT09
더팀엔터테인먼트,(주)더팀엔터테인먼트,0.0,https://www.saramin.co.kr/zf_user/company-info/view-inner-recruit?csn=blRjdEV6cGdIR3VoOWtXaXp2ci9jQT09
더퍼스트아이씨티,(주)더퍼스트아이씨티,0.0,https://www.saramin.co.kr/zf_user/company-info/view-inner-recruit?csn=RkZoK0Z0SzkyN0ZPQzFCL2ttOTJXZz09
데브,(주)데브,0.0,https://www.saramin.co.kr/zf_user/company-info/view-inner-recruit?csn=MTVNSXZFVU45K1B1V2U2RXlsSGFRZz09
데이콘인피니티,(주)데이콘인피니티,0.0,https://www.saramin.co.kr/zf_user/company-info/view-inner-recruit?csn=Y1Y2TnhwSi90bFZ6QlZ0endoNHhYQT09
데이타뱅크,(주)데이타뱅크,0.0,https://www.saramin.co.kr/zf_user/company-info/view-inner-recruit?csn=T1NuWW5MWmJmMGF6L0Ixbk04R3Ztdz09
데이타솔루션,(주)데이타솔루션,4.3,https://www.saramin.co.kr/zf_user/company-info/view-inner-recruit?csn=eWVlS05LcE1nZ0pneGZtNzNRTlZKZz09
데이타이음,(주)데이타이음,0.0,https://www.saramin.co.kr/zf_user/company-info/view-inner-recruit?csn=NUxHMy85dDFYNTRJcG5vU1V5L003QT09
데이터마케팅코리아,(주)데이터마케팅코리아,0.0,https://www.saramin.co.kr/zf_user/company-info/view-inner-recruit?csn=OWM0Nm5YU1hBWjNSd0FaajZNTFB1Zz09
데이터메이커,(주)데이터메이커,0.0,https://www.saramin.co.kr/zf_user/company-info/view-inner-recruit?csn=TXV0OVBGdXZhZkVpZUw2OUFYeGdTdz09
데이터스랩,데이터스랩(주),0.0,https://www.saramin.co.kr/zf_user/company-info/view-inner-recruit?csn=REIwNTRWNGJRQ1dJN25rSlJ4REFlUT09
데이터유니버스,(주)데이터유니버스,0.0,https://www.saramin.co.kr/zf_user/company-info/view-inner-recruit?csn=ZmYxbk5TQUIyTmpodWxxN0FmNys0Zz09
데이터플로,데이터플로,0.0,https://www.saramin.co.kr/zf_user/company-info/view-inner-recruit?csn=ZnRRSzlYTDVnV0pyWklxUHNoZXRlZz09
덱스터스튜디오,(주)덱스터스튜디오,2.7,https://www.saramin.co.kr/zf_user/company-info/view-inner-recruit?csn=UUxncDBlaU1OVTFmVWhpaVFSSURBZz09
덴티움,(주)덴티움,3.0,https://www.saramin.co.kr/zf_user/company-info/view-inner-recruit?csn=ZVoxSVF0ZEE0ZHA2V3VESkdwNFRkdz09
델타엑스,(주)델타엑스,0.0,https://www.saramin.co.kr/zf_user/company-info/view-inner-recruit?csn=REJBR1NjajhnbURqZ3I2VVROM2ozdz09
뎁스,(주)뎁스,0.0,https://www.saramin.co.kr/zf_user/company-info/view-inner-recruit?csn=Q0EwRGNqM3FLRlpWQTFxVkxnNEkzZz09
동국시스템즈,동국시스템즈(주),0.0,https://www.saramin.co.kr/zf_user/company-info/view-inner-recruit?csn=dUtGb1R3RXBBNE1uNkZZTSttcVRWQT09
동녘,(주)동녘,0.0,https://www.saramin.co.kr/zf_user/company-info/view-inner-recruit?csn=c2oxSzRseVdCUmdzS0Y5eEQzUGRTZz09
동성인재개발교육원,동성인재개발교육원,0.0,https://www.saramin.co.kr/zf_user/company-info/view-inner-recruit?csn=bSs3b0xuTTVKZmpIZVo5dXA1R1lOdz09
동아엘텍,(주)동아엘텍,7.2,https://www.saramin.co.kr/zf_user/company-info/view-inner-recruit?csn=c09uOFQ1eTRMdXZPRDFnTzhac016Zz09
두원전자통신,(주)두원전자통신,0.0,https://www.saramin.co.kr/zf_user/company-info/view-inner-recruit?csn=VkN6RkNNYmZ4M3FTbER3bjBJTjRsQT09
두플,(주)두플,0.0,https://www.saramin.co.kr/zf_user/company-info/view-inner-recruit?csn=RW1vdE01aWlZVTE2bTI2SUpLUUNTdz09
디노,(주)디노,0.0,https://www.saramin.co.kr/zf_user/company-info/view-inner-recruit?csn=ZEQxRTJSNGRUaElUN2JQYm53Zjc2Zz09
디딤365,디딤365(주),0.0,https://www.saramin.co.kr/zf_user/company-info/view-inner-recruit?csn=U0t4b2w4ZjNTd0dDQWZDYzh4WGZmdz09
디비엔텍,(주)디비엔텍,0.0,https://www.saramin.co.kr/zf_user/company-info/view-inner-recruit?csn=aHJ0SU55VkVTZVlKc3dyTVNicE5DZz09
디세이코리아,(주)디세이코리아,0.0,https://www.saramin.co.kr/zf_user/company-info/view-inner-recruit?csn=dTF4MC9CNHJqb3h1NGNxOWRRaFdldz09
디아이티,디아이티(주),6.0,https://www.saramin.co.kr/zf_user/company-info/view-inner-recruit?csn=U3pLNjZ0WnBxME9oa1FxYmsramY0Zz09
디알텍,(주)디알텍,3.0,https://www.saramin.co.kr/zf_user/company-info/view-inner-recruit?csn=SEZhelJTTC9aOGd0Q0JkbC9jTkdIQT09
디어유,(주)디어유,4.1,https://www.saramin.co.kr/zf_user/company-info/view-inner-recruit?csn=Q3ZwdklhbHRZTTNrTHBqakk2cUxXdz09
디엑스지,(주)디엑스지,0.0,https://www.saramin.co.kr/zf_user/company-info/view-inner-recruit?csn=WVppdUhjTFNyQjJjbzNLZ3NpVnZEZz09
디엔비소프트,(주)디엔비소프트,0.0,https://www.saramin.co.kr/zf_user/company-info/view-inner-recruit?csn=TWZHdkR4NUUweGx1Vy9LVjJKKzY0dz09
디오에프연구소,(주)디오에프연구소,0.0,https://www.saramin.co.kr/zf_user/company-info/view-inner-recruit?csn=NmhFNXN3NklJZGpyem9DKy9CYjBoQT09
디윅스,(주)디윅스,0.0,https://www.saramin.co.kr/zf_user/company-info/view-inner-recruit?csn=QzdHLzFONERDNE9pU3UwLy9vUDk5Zz09
디자인아이엠,(주)디자인아이엠,0.0,https://www.saramin.co.kr/zf_user/company-info/view-inner-recruit?csn=bFpka2pnWktIbkNNRzF3T0RaYlVTQT09
디지털팜,(주)디지털팜,0.0,https://www.saramin.co.kr/zf_user/company-info/view-inner-recruit?csn=NzB5cjg5OVFkZG5qZWZJQlZmbDVNUT09
디케이테크인,(주)디케이테크인,0.0,https://www.saramin.co.kr/zf_user/company-info/view-inner-recruit?csn=czBCTmN6alYxei8yYSs4TVBQQVZHUT09
디토닉,디토닉(주),0.0,https://www.saramin.co.kr/zf_user/company-info/view-inner-recruit?csn=WWtqUitXaHNsczd0QXN6ejl2SnM1dz09
디퍼런트에이치알,디퍼런트에이치알,0.0,https://www.saramin.co.kr/zf_user/company-info/view-inner-recruit?csn=eVFWZTdiakdkeTlmd1FDSVl3b3VuQT09
디퍼아이,(주)디퍼아이,0.0,https://www.saramin.co.kr/zf_user/company-info/view-inner-recruit?csn=Z3I5aDN5UXovSjdhUmREODVmRW9IQT09
디포커스,디포커스(주),0.0,https://www.saramin.co.kr/zf_user/company-info/view-inner-recruit?csn=ek5HNGhOcGZXRG0zNm1aWmtTMmwzQT09
디플래닉스,디플래닉스(주),0.0,https://www.saramin.co.kr/zf_user/company-info/view-inner-recruit?csn=bFZhQ2MyaC8rREpRMENqYk5ZcTJnUT09
딥노이드,(주)딥노이드,1.6,https://www.saramin.co.kr/zf_user/company-info/view-inner-recruit?csn=VCtPUnduQ0diZjdycnEyNFJ6L3REQT09
딥브레인에이아이,(주)딥브레인에이아이,0.0,https://www.saramin.co.kr/zf_user/company-info/view-inner-recruit?csn=MmFtZmxiVWJBdmZkQ2V5MWorSlpaZz09
딥세일즈,(주)딥세일즈,0.0,https://www.saramin.co.kr/zf_user/company-info/view-inner-recruit?csn=U21iUlZPMm5lOVNoS285M1JJSlIyQT09
딥인사이트,(주)딥인사이트,0.0,https://www.saramin.co.kr/zf_user/company-info/view-inner-recruit?csn=LzZDSHVLdThSWFA2TW14TnpvYWlKdz09
띵스파이어,(주)띵스파이어,0.0,https://www.saramin.co.kr/zf_user/company-info/view-inner-recruit?csn=R2d2MlI2dEVoN2FlSkNLNG1VT1dYdz09
라온로드,(주)라온로드,0.0,https://www.saramin.co.kr/zf_user/company-info/view-inner-recruit?csn=YmRhMUtCcjNFV3dtWVBzTGd3SS8rQT09
라온메디,(주)라온메디,0.0,https://www.saramin.co.kr/zf_user/company-info/view-inner-recruit?csn=TFlHYXYrK0tPZ2tlOHlOMjlXQWE3dz09
라온피플,라온피플(주),3.4,https://www.saramin.co.kr/zf_user/company-info/view-inner-recruit?csn=VVpETU4vMi84QzlTL1FGYnFsUGVoUT09
라인서치,라인서치,0.0,https://www.saramin.co.kr/zf_user/company-info/view-inner-recruit?csn=ZFFRMlN2cVJHWHJ0NmpuOFY2WGFNZz09
라텔앤드파트너즈,(주)라텔앤드파트너즈,0.0,https://www.saramin.co.kr/zf_user/company-info/view-inner-recruit?csn=RXRTSlVBY0pvWG1GbWVPNlZ4SWJ2UT09
랑데뷰,(주)랑데뷰,0.0,https://www.saramin.co.kr/zf_user/company-info/view-inner-recruit?csn=RG14anltdFVhVWlmcGl1RXhWZzdtdz09
러닝스푼즈,(주)러닝스푼즈,0.0,https://www.saramin.co.kr/zf_user/company-info/view-inner-recruit?csn=dVBueHdvS05SRm9vbkFqeDVaUS90UT09
레이와트,(주)레이와트,0.0,https://www.saramin.co.kr/zf_user/company-info/view-inner-recruit?csn=UmpmRkxNYVFxM0JvZytid2x3VVBHZz09
렉스소프트,렉스소프트(주),0.0,https://www.saramin.co.kr/zf_user/company-info/view-inner-recruit?csn=eFh2RjJEV3BEQU9DUzZFZm4yRFZFQT09
렉스퍼,(주)렉스퍼,0.0,https://www.saramin.co.kr/zf_user/company-info/view-inner-recruit?csn=WjhnQWlUeUtveS9pUmJKVFlmT2RVQT09
로민,(주)로민,0.0,https://www.saramin.co.kr/zf_user/company-info/view-inner-recruit?csn=dmlhKzBVRHo0d1JsTVhaczlxMG1sZz09
로버트월터스코리아,로버트월터스코리아(주),0.0,https://www.saramin.co.kr/zf_user/company-info/view-inner-recruit?csn=OTZuQmVUR3NRMFQ4WVprWWNubHpmdz09
로이드케이,(주)로이드케이,0.0,https://www.saramin.co.kr/zf_user/company-info/view-inner-recruit?csn=K1dPUHJ1ZFU4RUFKMk9MRDhYcnpTQT09
롯데오토케어,롯데오토케어(주),0.0,https://www.saramin.co.kr/zf_user/company-info/view-inner-recruit?csn=K3h5VXVmSHVYajlxN1o4K21ZZC9rQT09
롯데헬스케어,롯데헬스케어(주),0.0,https://www.saramin.co.kr/zf_user/company-info/view-inner-recruit?csn=OUlqSFBLSlAyeFIrTk5SM0oxTnhhZz09
루닛,(주)루닛,2.2,https://www.saramin.co.kr/zf_user/company-info/view-inner-recruit?csn=SkxmMDhCRk9vRHIvRUgxenE2SWo1dz09
리스트,(주)리스트,0.0,https://www.saramin.co.kr/zf_user/company-info/view-inner-recruit?csn=cTV1Z3JweUFJTC83amNpS1B6blhiQT09
리앤파트너,(주)리앤파트너,0.0,https://www.saramin.co.kr/zf_user/company-info/view-inner-recruit?csn=NkJSbkpPZS9JNk5pdGNvZnh5VHBLQT09
리콘랩스,(주)리콘랩스,0.0,https://www.saramin.co.kr/zf_user/company-info/view-inner-recruit?csn=a2ZCWWtud29oTVpQUEh2eDM0ZHB4dz09
리플에이아이,(주)리플에이아이,0.0,https://www.saramin.co.kr/zf_user/company-info/view-inner-recruit?csn=NTVHZ2FkOStaOS9qNk1pcjBobTlzdz09
린인파트너스,(주)린인파트너스,0.0,https://www.saramin.co.kr/zf_user/company-info/view-inner-recruit?csn=NnZ3cHpCeWU0M21YYlRJV2YwYlRNdz09
링거스튜디오,(주)링거스튜디오,0.0,https://www.saramin.co.kr/zf_user/company-info/view-inner-recruit?csn=RUFQeWdSRnJyQktkbFJMM3NLNXpBZz09
링네트,(주)링네트,5.0,https://www.saramin.co.kr/zf_user/company-info/view-inner-recruit?csn=Znh1bTVGeVpmanpRb0NUb2wyQXl6Zz09
링크앤스카우트,(주)링크앤스카우트,0.0,https://www.saramin.co.kr/zf_user/company-info/view-inner-recruit?csn=a0wyTFJSSTc4YnNMWnZzbVRsR3FsUT09
마루온,(주)마루온,0.0,https://www.saramin.co.kr/zf_user/company-info/view-inner-recruit?csn=OFlhR2ZjbjkzQUtXZFJQMmxxa1V3UT09
마린웍스,마린웍스(주),0.0,https://www.saramin.co.kr/zf_user/company-info/view-inner-recruit?csn=OS94R3Ayd0Z3TlN2ckw0QzNIWjNHdz09
마바산업,(주)마바산업,0.0,https://www.saramin.co.kr/zf_user/company-info/view-inner-recruit?csn=NFhnbEtGQmRmNEc0dXZkN2t0dUladz09
마스코리아,마스코리아(주),0.0,https://www.saramin.co.kr/zf_user/company-info/view-inner-recruit?csn=N01ZSmxlQVAzMGdBZEkwS3ZlTU5MUT09
마음에이아이,(주)마음에이아이,0.0,https://www.saramin.co.kr/zf_user/company-info/view-inner-recruit?csn=SkVFQm5JbUVrSDc3QWRHVDJaVERPdz09
마이링크,(주)마이링크,0.0,https://www.saramin.co.kr/zf_user/company-info/view-inner-recruit?csn=ZHMvVmZaN29tQklFZXhPdjV5M0VFQT09
마크클라우드,(주)마크클라우드,0.0,https://www.saramin.co.kr/zf_user/company-info/view-inner-recruit?csn=NEdCS2pIWGVVRm80bmwrL1RqcS9FQT09
매그파이소프트,(주)매그파이소프트,0.0,https://www.saramin.co.kr/zf_user/company-info/view-inner-recruit?csn=ZG5mM0dlYkFUb1hPSFYyZXpjbXdUQT09
맨텍,(주)맨텍,0.0,https://www.saramin.co.kr/zf_user/company-info/view-inner-recruit?csn=d3RiSXVFMy9HK3ViazNGRXMyMVVPUT09
맨파워코리아,(주)맨파워코리아,0.0,https://www.saramin.co.kr/zf_user/company-info/view-inner-recruit?csn=aDJMWlBEMm0wT2laRVJ2dW50MEwrQT09
머스트잇,(주)머스트잇,0.0,https://www.saramin.co.kr/zf_user/company-info/view-inner-recruit?csn=SEZzNmhRcy9heW1nMjEyS1ZIbTh0Zz09
먼슬리키친,(주)먼슬리키친,0.0,https://www.saramin.co.kr/zf_user/company-info/view-inner-recruit?csn=VG42TXlFU1NDQ1NjbDIrazRHc0V0Zz09
메가젠임플란트,(주)메가젠임플란트,3.4,https://www.saramin.co.kr/zf_user/company-info/view-inner-recruit?csn=Q25kci9jQm0zSSszVktFT2hYV2wwdz09
메가존,메가존(주),0.0,https://www.saramin.co.kr/zf_user/company-info/view-inner-recruit?csn=QlVQaTUzY1o5YlI4RlpZRHgxdXlNdz09
메가존클라우드,메가존클라우드(주),0.0,https://www.saramin.co.kr/zf_user/company-info/view-inner-recruit?csn=NWkzeDdtcWM0M0hWYW1ZRkFpWlU3dz09
메뉴잇,(주)메뉴잇,0.0,https://www.saramin.co.kr/zf_user/company-info/view-inner-recruit?csn=cnBuVVJxQ2ZZdzhPZFJwS0FKandSUT09
메디픽셀,(주)메디픽셀,0.0,https://www.saramin.co.kr/zf_user/company-info/view-inner-recruit?csn=alRSOWVqbFpqQ3NaUnlMZHI4WTc0dz09
메이머스트,(주)메이머스트,0.0,https://www.saramin.co.kr/zf_user/company-info/view-inner-recruit?csn=WDZGZktObUpFUHdjemVhei80NzNjdz09
메이븐앤컴퍼니,(주)메이븐앤컴퍼니,0.0,https://www.saramin.co.kr/zf_user/company-info/view-inner-recruit?csn=dGdBSlpZODE3cTBWK0IweVZLbmZuZz09
메이븐클라우드서비스,메이븐클라우드서비스(주),0.0,https://www.saramin.co.kr/zf_user/company-info/view-inner-recruit?csn=cGRrRk5iQ0lFMlNwK0hmSmhzOVJKQT09
메이츠소프트,메이츠소프트주식회사,0.0,https://www.saramin.co.kr/zf_user/company-info/view-inner-recruit?csn=eDJRT2JXcHI4UkdRNEErMU1VMVdSQT09
메타빌드,메타빌드(주),0.0,https://www.saramin.co.kr/zf_user/company-info/view-inner-recruit?csn=citlRW1tSENNSkVaK3RPZ1BQZW5XUT09
명화공업,명화공업(주),0.0,https://www.saramin.co.kr/zf_user/company-info/view-inner-recruit?csn=Tk5hYUxUZWR4VUd2WVlxWExuVEUzQT09
모니터랩,㈜모니터랩,0.0,https://www.saramin.co.kr/zf_user/company-info/view-inner-recruit?csn=cVlDKzhHRzZ1NnJhN2R3bWU2c25NZz09
모비두,모비두(주),0.0,https://www.saramin.co.kr/zf_user/company-info/view-inner-recruit?csn=YXhRbjZYbE1rQTJmYk5QRjFpNlJlQT09
모비루스,(주)모비루스,0.0,https://www.saramin.co.kr/zf_user/company-info/view-inner-recruit?csn=Tk9XMUJIZnNPZTlEbzNNL0pKS0N1dz09
모비스,(주)모비스,7.3,https://www.saramin.co.kr/zf_user/company-info/view-inner-recruit?csn=NTZEeCtHbDQxdCtrblRHRHZrM2twUT09
모빅랩,(주)모빅랩,0.0,https://www.saramin.co.kr/zf_user/company-info/view-inner-recruit?csn=NERnRXZSa05pM0xBcEZMYW0ybGdDQT09
모빌린트,(주)모빌린트,0.0,https://www.saramin.co.kr/zf_user/company-info/view-inner-recruit?csn=MXVlRDFrb2dtb3krZ042aTA5aU0rZz09
모빌테크,(주)모빌테크,0.0,https://www.saramin.co.kr/zf_user/company-info/view-inner-recruit?csn=NkplYnVhUHJzYWFERFVtRTB4RzZUdz09
모핀,(주)모핀,0.0,https://www.saramin.co.kr/zf_user/company-info/view-inner-recruit?csn=R0NQNWdYc0tTTHEvY0h3TlZvREFYUT09
몬드리안에이아이,몬드리안에이아이(주),0.0,https://www.saramin.co.kr/zf_user/company-info/view-inner-recruit?csn=dUdmSm5vV2ZLSnM2WkQzN2kwR2l1QT09
몰로코,(주)몰로코,0.0,https://www.saramin.co.kr/zf_user/company-info/view-inner-recruit?csn=QzkwOGVmejhHM09jZWc2L2hQK3BaZz09
무하유,(주)무하유,0.0,https://www.saramin.co.kr/zf_user/company-info/view-inner-recruit?csn=UHcxMVhmMmVpdjFJQ2NuZXlwUHRHdz09
미디어로그,(주)미디어로그,0.0,https://www.saramin.co.kr/zf_user/company-info/view-inner-recruit?csn=MTVxRkVZTVJ1bHhNVWlLeFJKRk9EQT09
미디어젠,미디어젠(주),3.5,https://www.saramin.co.kr/zf_user/company-info/view-inner-recruit?csn=UGFoVEZWVWtZWEJrWXVkajJXYXE4UT09
미래기술,주식회사 미래기술,0.0,https://www.saramin.co.kr/zf_user/company-info/view-inner-recruit?csn=Qkh1ZlQ1SCttTXdveno0bFBlVmFuQT09
미래로시스템,(주)미래로시스템,0.0,https://www.saramin.co.kr/zf_user/company-info/view-inner-recruit?csn=dWVLZmRMUTF6azdJbHZXTnN0YWJZZz09
미래전파공학연구소,(주)미래전파공학연구소,0.0,https://www.saramin.co.kr/zf_user/company-info/view-inner-recruit?csn=aDhiNDBUZUI3TnFvekg3L2xZNXRhUT09
미소정보기술,(주)미소정보기술,0.0,https://www.saramin.co.kr/zf_user/company-info/view-inner-recruit?csn=WGtOdEdLYllNNmQ2SzlNR0FRcW5udz09
미투온,(주)미투온,2.3,https://www.saramin.co.kr/zf_user/company-info/view-inner-recruit?csn=MDhmcTYxNTVVVFlDbWx4QnlQQ3kzZz09
민테크,(주)민테크,0.0,https://www.saramin.co.kr/zf_user/company-info/view-inner-recruit?csn=WVQvMFpSdlpScmk4ZHR4VE9MQnJqUT09
밀버스,(주)밀버스,0.0,https://www.saramin.co.kr/zf_user/company-info/view-inner-recruit?csn=UkZJRlo0T3RhMmlkY1Z1emV2Qmoydz09
바운드엑스,(주)바운드엑스,0.0,https://www.saramin.co.kr/zf_user/company-info/view-inner-recruit?csn=T3daa3BtQTY5YlZGZXdXelk4Zk1yZz09
바이브온코퍼레이션,(주)바이브온코퍼레이션,0.0,https://www.saramin.co.kr/zf_user/company-info/view-inner-recruit?csn=SnZTY3RxUWRVdk91MWQxZUZZOEhBQT09
바이브컴퍼니,(주)바이브컴퍼니,4.0,https://www.saramin.co.kr/zf_user/company-info/view-inner-recruit?csn=MTBjZ0szOHdtdDg4eVMyL2s1SVNRQT09
바티에이아이,(주)바티에이아이,0.0,https://www.saramin.co.kr/zf_user/company-info/view-inner-recruit?csn=TmdmekY4V01UbHdwYkd3NHlNU05Hdz09
반프,(주)반프,0.0,https://www.saramin.co.kr/zf_user/company-info/view-inner-recruit?csn=b2dvazZtb2U3YkVuMFZIaEhzSWY2Zz09
버넥트,주식회사 버넥트,2.4,https://www.saramin.co.kr/zf_user/company-info/view-inner-recruit?csn=bkt6aEd3Q1psOGZycHZhalhtR2NTdz09
버드뷰,(주)버드뷰,0.0,https://www.saramin.co.kr/zf_user/company-info/view-inner-recruit?csn=S1N2YzVRckpuMVpwc2UxN3RJQkJYQT09
버즈니,(주)버즈니,0.0,https://www.saramin.co.kr/zf_user/company-info/view-inner-recruit?csn=eWdmZW12VDhIZUlXeWVMSnBiL0ZxQT09
베스텔라랩,(주)베스텔라랩,0.0,https://www.saramin.co.kr/zf_user/company-info/view-inner-recruit?csn=eW5Ta1JzZUpMNXU0dE5lVnJaZlRPUT09
베스트네트워크,베스트네트워크㈜,0.0,https://www.saramin.co.kr/zf_user/company-info/view-inner-recruit?csn=ZmQ1SjQ3dzZUUVR0RTJUbUpkakgvQT09
벤처피플,㈜벤처피플,0.0,https://www.saramin.co.kr/zf_user/company-info/view-inner-recruit?csn=Rmd6bWNsOHhRK0czeWF3aUE3bUNpZz09
보스반도체,(주)보스반도체,0.0,https://www.saramin.co.kr/zf_user/company-info/view-inner-recruit?csn=OWRUeHhBbmJ6ZXpDdHdqRTRSYml6QT09
본아이에프,본아이에프(주),0.0,https://www.saramin.co.kr/zf_user/company-info/view-inner-recruit?csn=OWUzUmJrbmN2K2xWMjFOcEtVN05iUT09
부산대학교 지능물류빅데이터연구소,부산대학교 지능물류빅데이터연구소,0.0,https://www.saramin.co.kr/zf_user/company-info/view-inner-recruit?csn=bEtBZWFoU1RzTW9vRlZWSWYyazN1UT09
부산더조은직업전문학교,부산더조은직업전문학교,0.0,https://www.saramin.co.kr/zf_user/company-info/view-inner-recruit?csn=LzQzV2Y2aDljbTVFdTd0T09WYkpNdz09
뷰온,(주)뷰온,0.0,https://www.saramin.co.kr/zf_user/company-info/view-inner-recruit?csn=dzhLVWsyeUVZSFFyQ2JyRzJLU1Jsdz09
브랜드미,브랜드미,0.0,https://www.saramin.co.kr/zf_user/company-info/view-inner-recruit?csn=MitWeEtERUc5K1RXVEpYVDRWc3BNQT09
브런트,브런트(주),0.0,https://www.saramin.co.kr/zf_user/company-info/view-inner-recruit?csn=M1NUeWVUNEVSZnJvOG5zYnhPYXpVQT09
브레인즈컴퍼니,브레인즈컴퍼니(주),6.8,https://www.saramin.co.kr/zf_user/company-info/view-inner-recruit?csn=NVptS2dmbHdHSEVyZVNjVlorTWk1dz09
브이엔티지,(주)브이엔티지,0.0,https://www.saramin.co.kr/zf_user/company-info/view-inner-recruit?csn=WG9JbHQ1VU5GK3R3SHpGcnpRK0FRQT09
브이티더블유,(주)브이티더블유,0.0,https://www.saramin.co.kr/zf_user/company-info/view-inner-recruit?csn=NFM4S0x4Z1ZuWDFqRy9rbVZPYlF4QT09
브이피,브이피 주식회사,0.0,https://www.saramin.co.kr/zf_user/company-info/view-inner-recruit?csn=b1hCaVpBOGtYSnorSC91d2FaMlY0Zz09
브이피,브이피(주),0.0,https://www.saramin.co.kr/zf_user/company-info/view-inner-recruit?csn=b1hCaVpBOGtYSnorSC91d2FaMlY0Zz09
블루닷,블루닷(주),0.0,https://www.saramin.co.kr/zf_user/company-info/view-inner-recruit?csn=M2FOdm1keG5FZWdSLzlTMmlKeTArQT09
블루시스,(주)블루시스,0.0,https://www.saramin.co.kr/zf_user/company-info/view-inner-recruit?csn=Y24yZk9EZXJRbjFxQUZsazFvaGNadz09
블루웨일컴퍼니,(주)블루웨일컴퍼니,0.0,https://www.saramin.co.kr/zf_user/company-info/view-inner-recruit?csn=M0JGUWFTWUFua3VoakxHVTFuc0hMUT09
비갠,(주)비갠,0.0,https://www.saramin.co.kr/zf_user/company-info/view-inner-recruit?csn=eTBKTGpRb2lrYzFNTEdjeFlhbmRxQT09
비밀리,(주)비밀리,0.0,https://www.saramin.co.kr/zf_user/company-info/view-inner-recruit?csn=OGxPSCt5d1RqUHh3MmZqOWVrbG1aUT09
비바리퍼블리카,(주)비바리퍼블리카,1.9,https://www.saramin.co.kr/zf_user/company-info/view-inner-recruit?csn=N1dNM0tWQ2dRVTBkTHJOSTNYZStpdz09
비솔,(주)비솔,0.0,https://www.saramin.co.kr/zf_user/company-info/view-inner-recruit?csn=UzZhSFJ1NmFrWlBGVm0vZnVwU0FYZz09
비아이매트릭스,(주)비아이매트릭스,0.0,https://www.saramin.co.kr/zf_user/company-info/view-inner-recruit?csn=aTV4VGF4M3JxbkJENXREbnNiSkt5Zz09
비알랩,(주)비알랩,0.0,https://www.saramin.co.kr/zf_user/company-info/view-inner-recruit?csn=QU11K1liWkxnd1FFZFQ3dGZsbVg0Zz09
비앤에프테크놀로지,비앤에프테크놀로지㈜,0.0,https://www.saramin.co.kr/zf_user/company-info/view-inner-recruit?csn=dVVtTWNRaGVlUEMwb2puUVhtSC9mUT09
비에네(BIENE),비에네(BIENE),0.0,https://www.saramin.co.kr/zf_user/company-info/view-inner-recruit?csn=cURvMWlPSGplRGY5T096SkZFc3AxZz09
비에스지파트너스,비에스지파트너스,0.0,https://www.saramin.co.kr/zf_user/company-info/view-inner-recruit?csn=S0RndWdXd0NhMjRaV3RrcExSMlVjZz09
비에이블컨설팅그룹,(주)비에이블컨설팅그룹,0.0,https://www.saramin.co.kr/zf_user/company-info/view-inner-recruit?csn=TmtYK0N4UzZqODRLY09HYUpnVDAwdz09
비젼인,(주)비젼인,0.0,https://www.saramin.co.kr/zf_user/company-info/view-inner-recruit?csn=YzMzOFVBWTQ0cUdkR2lRRUFEN1Y5QT09
비즈테크아이,(주)비즈테크아이,0.0,https://www.saramin.co.kr/zf_user/company-info/view-inner-recruit?csn=TjBJajkzVGs1enJJejhIWHk5dytEZz09
비지에프네트웍스,(주)비지에프네트웍스,3.2,https://www.saramin.co.kr/zf_user/company-info/view-inner-recruit?csn=RGNZL3pRazhMMzR4SzRpdmRUeStxdz09
비플라이소프트,비플라이소프트(주),2.4,https://www.saramin.co.kr/zf_user/company-info/view-inner-recruit?csn=S1dIZDZtN0RNWGVrQlFORFZCdi9lQT09
빗썸코리아,(주)빗썸코리아,2.6,https://www.saramin.co.kr/zf_user/company-info/view-inner-recruit?csn=SDVxbnVsOGJsQnhHQkpKMjU3SFpmUT09
사이넷,(주)사이넷,0.0,https://www.saramin.co.kr/zf_user/company-info/view-inner-recruit?csn=cnBjc0NoVVBidENhYUdTeFEwVTM5Zz09
사이버네틱스이미징시스템즈,(주)사이버네틱스이미징시스템즈,0.0,https://www.saramin.co.kr/zf_user/company-info/view-inner-recruit?csn=WjFUU1lpb29QSUVRWFV1UXBKRHpHUT09
사이버다임,(주)사이버다임,0.0,https://www.saramin.co.kr/zf_user/company-info/view-inner-recruit?csn=Tk85MW1sVTU3T0tOckVzYkw5MGc4Zz09
사일로랩,(주)사일로랩,0.0,https://www.saramin.co.kr/zf_user/company-info/view-inner-recruit?csn=SWhoQnNWY05hQmNBWkxPYjZodkxIdz09
사피온코리아,(주)사피온코리아,0.0,https://www.saramin.co.kr/zf_user/company-info/view-inner-recruit?csn=Y05ralllYkJYbmJwRlF4QTBPblg3UT09
삼성에스디에스,삼성에스디에스(주),0.0,https://www.saramin.co.kr/zf_user/company-info/view-inner-recruit?csn=aTArMW5EbXVaUFRYcTNNdVQ1VFdJQT09
삼성전자,삼성전자(주),0.0,https://www.saramin.co.kr/zf_user/company-info/view-inner-recruit?csn=UjVaSHBEcTFsdFUzQ3F4dDFTeXVKZz09
삼우이머션,(주)삼우이머션,0.0,https://www.saramin.co.kr/zf_user/company-info/view-inner-recruit?csn=MWxYU3NvQWhQcjlCYTRadU5pVlppZz09
삼화양행 청주사업장,㈜삼화양행 청주사업장,0.0,https://www.saramin.co.kr/zf_user/company-info/view-inner-recruit?csn=Z1hCNzhOa3dmd1Z3ZUNJUTZybnNVZz09
상상스토리,상상스토리(주),0.0,https://www.saramin.co.kr/zf_user/company-info/view-inner-recruit?csn=eGxiVExqcFI1a3N4bHNjazloaVhvZz09
새론솔루션,(주)새론솔루션,0.0,https://www.saramin.co.kr/zf_user/company-info/view-inner-recruit?csn=bU1EOUttQzlDakRIRjl2czV6QjEwQT09
서광시스템,(주)서광시스템,0.0,https://www.saramin.co.kr/zf_user/company-info/view-inner-recruit?csn=M0ozSzN0cmlmQVF1UnpzNENVVnNEdz09
서울게임,(주)서울게임,0.0,https://www.saramin.co.kr/zf_user/company-info/view-inner-recruit?csn=NjN2eTZEK1ZyMEJnZVJGdWU1MlpzQT09
서울대학교병원,서울대학교병원,0.0,https://www.saramin.co.kr/zf_user/company-info/view-inner-recruit?csn=bkxZV3RnMktrZ1RGMmJTUTQ1ZmIzZz09
서울랩스,주식회사서울랩스,0.0,https://www.saramin.co.kr/zf_user/company-info/view-inner-recruit?csn=WjBTMXBtakthaDNnUDNJSDRCNHJtQT09
서울엔지니어링,서울엔지니어링(주),0.0,https://www.saramin.co.kr/zf_user/company-info/view-inner-recruit?csn=U0VlSWw2M0FROHF5SkRXcitZRVZRdz09
서울특별시보라매병원,서울특별시보라매병원,0.0,https://www.saramin.co.kr/zf_user/company-info/view-inner-recruit?csn=WU1xQ2pZeVFzdzVxT1IvWHRYdHUvQT09
서원정보,(주)서원정보,0.0,https://www.saramin.co.kr/zf_user/company-info/view-inner-recruit?csn=djZFcjgvUHN1U2NFclN4WUUwMjBXUT09
성원정보기술,(주)성원정보기술,0.0,https://www.saramin.co.kr/zf_user/company-info/view-inner-recruit?csn=K2xMbkVHU1RzTC84MVl5RG9nQ3Bkdz09
세나클소프트,(주)세나클소프트,0.0,https://www.saramin.co.kr/zf_user/company-info/view-inner-recruit?csn=NEFXcFdHREt0WkZqQUxMVmRLU01hdz09
세움비드,주식회사 세움비드,0.0,https://www.saramin.co.kr/zf_user/company-info/view-inner-recruit?csn=SWEwdTU3dHFtSDhoZzFBUnMzWEx1Zz09
세이지리서치,세이지리서치(주),0.0,https://www.saramin.co.kr/zf_user/company-info/view-inner-recruit?csn=eGsvQVA2eDZSdnE3Q2ZzSWlaRk9Qdz09
세종기술,세종기술(주),0.0,https://www.saramin.co.kr/zf_user/company-info/view-inner-recruit?csn=MWJtdVd5bzdJZE1kdWJyQjc4SitrZz09
세종아이티직업전문학교,(주)세종아이티직업전문학교,0.0,https://www.saramin.co.kr/zf_user/company-info/view-inner-recruit?csn=Wmt6Ly92cCsrTEk0eWRETWUxSFVDdz09
세컨신드롬,(주)세컨신드롬,0.0,https://www.saramin.co.kr/zf_user/company-info/view-inner-recruit?csn=ZVhLV08yS2lFZlg3RHVPd1cvdnpRUT09
센시,센시 주식회사,0.0,https://www.saramin.co.kr/zf_user/company-info/view-inner-recruit?csn=WW9kV3BsRnFpZ1krRjNHQlZxdEJiUT09
센텀직업전문학교,센텀직업전문학교,0.0,https://www.saramin.co.kr/zf_user/company-info/view-inner-recruit?csn=MjNtbE1CSzBJdWFCRVFKLzg2NkxkQT09
셀바스에이아이,(주)셀바스에이아이,6.8,https://www.saramin.co.kr/zf_user/company-info/view-inner-recruit?csn=bkxmOGhZZDUxamRZeWVSUWZlZUlXdz09
셀키,(주)셀키,0.0,https://www.saramin.co.kr/zf_user/company-info/view-inner-recruit?csn=RWU5Sy9BWVNvUDlDR0h2ZlY5bURxdz09
셀타스퀘어,셀타스퀘어,0.0,https://www.saramin.co.kr/zf_user/company-info/view-inner-recruit?csn=M2dIZXZuNzd5bkQrUVJPcERHejZGUT09
소만사,(주)소만사,0.0,https://www.saramin.co.kr/zf_user/company-info/view-inner-recruit?csn=MUR3Qmd0Zk9zcHJoNXBFNGNaaUpvQT09
소프트넷,(주)소프트넷,0.0,https://www.saramin.co.kr/zf_user/company-info/view-inner-recruit?csn=ejIweFVmVG5ZSDlyTDJRNTArcVg4UT09
소프트웨어융합연구소,(주)소프트웨어융합연구소,0.0,https://www.saramin.co.kr/zf_user/company-info/view-inner-recruit?csn=SE5HRXpWQVRmMDNpenF3UU5rRzFHdz09
소프트위즈,(주)소프트위즈,0.0,https://www.saramin.co.kr/zf_user/company-info/view-inner-recruit?csn=a0xxc04yZTRYU3cyU01JcDRtTEpLQT09
소프트프릭,(주)소프트프릭,0.0,https://www.saramin.co.kr/zf_user/company-info/view-inner-recruit?csn=VzkyWUtuZmtGb2hwNllMLzhDYTVudz09
솔로몬텍,(주)솔로몬텍,0.0,https://www.saramin.co.kr/zf_user/company-info/view-inner-recruit?csn=cjlTRUNYVTViVEwrWUREdlhNRHRhZz09
솔찬컴퍼니,(주)솔찬컴퍼니,0.0,https://www.saramin.co.kr/zf_user/company-info/view-inner-recruit?csn=R3VWRFJFWnlFbzJaRXlQOXJxM1l2Zz09
송우인포텍,(주)송우인포텍,0.0,https://www.saramin.co.kr/zf_user/company-info/view-inner-recruit?csn=UHVmano2bVRZWkx3WGJXYlFJelRqUT09
슈어데이터랩,슈어데이터랩(주),0.0,https://www.saramin.co.kr/zf_user/company-info/view-inner-recruit?csn=V3RCYWwrc3JVSkd5UWJTaEFyaHptQT09
슈어소프트테크,슈어소프트테크(주),3.6,https://www.saramin.co.kr/zf_user/company-info/view-inner-recruit?csn=bjd5WjB2KzFrdE12OXllL09DdmhTQT09
슈프리마,(주)슈프리마,4.0,https://www.saramin.co.kr/zf_user/company-info/view-inner-recruit?csn=RkVsUWVvVXE2U0MzVk4wZlk0VUxxUT09
스마트비전,(주)스마트비전,0.0,https://www.saramin.co.kr/zf_user/company-info/view-inner-recruit?csn=MDJMQStlRGNIQU51dFlJNFdzRjIwdz09
스마트인재개발원,스마트인재개발원(사),0.0,https://www.saramin.co.kr/zf_user/company-info/view-inner-recruit?csn=Y0hQRjRzemlISTUxTUVzUEN0dWhodz09
스마트제어계측,(주)스마트제어계측,0.0,https://www.saramin.co.kr/zf_user/company-info/view-inner-recruit?csn=TW9nU2wyWkNVemIwUDNwQUt1RVFkZz09
스몰머신즈,(주)스몰머신즈,0.0,https://www.saramin.co.kr/zf_user/company-info/view-inner-recruit?csn=ZlgyNnhCSWJtZ1h5WTEzVU1sc1dQdz09
스카우트,(주)스카우트,0.0,https://www.saramin.co.kr/zf_user/company-info/view-inner-recruit?csn=U2F5TXIzNlhZMzN6bFZmb2kybTEwZz09
스카우트파트너스,(주)스카우트파트너스,0.0,https://www.saramin.co.kr/zf_user/company-info/view-inner-recruit?csn=UU9Jb0wxTnAralk5aCs1akVLTDI4UT09
스카우트플랜,(주)스카우트플랜,0.0,https://www.saramin.co.kr/zf_user/company-info/view-inner-recruit?csn=ZU5Vc0tIVVd6UnJDNHFwd3hYTUh0dz09
스타랩스,주식회사 스타랩스,0.0,https://www.saramin.co.kr/zf_user/company-info/view-inner-recruit?csn=RDUxM3ZOcnIyanpHWjVnd085VE5pZz09
스터디맥스,(주)스터디맥스,0.0,https://www.saramin.co.kr/zf_user/company-info/view-inner-recruit?csn=MWNNVjYrdWtEQUZMdktaZ1JORXYzQT09
스텝씨,(주)스텝씨,0.0,https://www.saramin.co.kr/zf_user/company-info/view-inner-recruit?csn=N1ZPUjRmWmhaUmxYdXBZcTN1YmhuQT09
스튜디오갈릴레이,(주)스튜디오갈릴레이,0.0,https://www.saramin.co.kr/zf_user/company-info/view-inner-recruit?csn=NENtMkdIVkhKYzB4WXRpcUt4emcyUT09
스페이스워크,스페이스워크(주),0.0,https://www.saramin.co.kr/zf_user/company-info/view-inner-recruit?csn=NllYWk1rblZGMTkzbGd4cnlsditRdz09
스포카,(주)스포카,0.0,https://www.saramin.co.kr/zf_user/company-info/view-inner-recruit?csn=NEtnWUs3dFJwcm5hWGdRaFRiZ2VSUT09
스피링크,(주)스피링크,0.0,https://www.saramin.co.kr/zf_user/company-info/view-inner-recruit?csn=bzJHK1ErWCtBQU5MV3A0aUdiZFkzQT09
시스윈모빌리티,(주)시스윈모빌리티,0.0,https://www.saramin.co.kr/zf_user/company-info/view-inner-recruit?csn=bVZ6MjVDOCtyaXk1S3BIdzFYQTgvdz09
시스콘로보틱스,(주)시스콘로보틱스,0.0,https://www.saramin.co.kr/zf_user/company-info/view-inner-recruit?csn=aVllSWdManl0aFJlQTdsanNxbkRCUT09
시즌,(주)시즌,0.0,https://www.saramin.co.kr/zf_user/company-info/view-inner-recruit?csn=YVdMNC9OUGw5MjhBQmRHMXNRRjg0dz09
시큐다임,(주)시큐다임,0.0,https://www.saramin.co.kr/zf_user/company-info/view-inner-recruit?csn=cUs3V0FXRkRhSWtkTmx3SXRuSXVLZz09
신테카바이오,(주)신테카바이오,3.0,https://www.saramin.co.kr/zf_user/company-info/view-inner-recruit?csn=UjA0Wkl4YjlGRGFERVZZQUJhVHNlQT09
심네트,(주)심네트,0.0,https://www.saramin.co.kr/zf_user/company-info/view-inner-recruit?csn=NDRvWTlFYU1aUko0cStyMEszckdHdz09
쏘카,(주)쏘카,2.8,https://www.saramin.co.kr/zf_user/company-info/view-inner-recruit?csn=bjAxcGdZZG5Cakxmc3ZYRGlXL1pwQT09
쓰리핸즈(3Handz),쓰리핸즈(3Handz),0.0,https://www.saramin.co.kr/zf_user/company-info/view-inner-recruit?csn=ZEJDanU1SmNYcW0yd3dGcU9vd1Jkdz09
씨메스,(주)씨메스,0.0,https://www.saramin.co.kr/zf_user/company-info/view-inner-recruit?csn=cFlISDZaVGNsM2NWUnREV0RlNTlhQT09
씨앰지,(주)씨앰지,0.0,https://www.saramin.co.kr/zf_user/company-info/view-inner-recruit?csn=RWtzVWxHNkRZc1RFT3ZDTUxCdWVsZz09
씨에스텍,(주)씨에스텍,0.0,https://www.saramin.co.kr/zf_user/company-info/view-inner-recruit?csn=RjUrUUQzSlpBeDNWT2tES25DaFJYUT09
씨에이이테크놀러지,(주)씨에이이테크놀러지,0.0,https://www.saramin.co.kr/zf_user/company-info/view-inner-recruit?csn=NEdFei9JVjRIWm1iSFBFcllVbE5HUT09
씨유박스,(주)씨유박스,1.7,https://www.saramin.co.kr/zf_user/company-info/view-inner-recruit?csn=Vm5iT3pEWnhhS2lWV1VnR215aWNyUT09
씨이랩,(주)씨이랩,1.7,https://www.saramin.co.kr/zf_user/company-info/view-inner-recruit?csn=alFpQTRXMnJyYjBvcHJmTEk3bDlZUT09
씨제이올리브네트웍스,씨제이올리브네트웍스(주),0.0,https://www.saramin.co.kr/zf_user/company-info/view-inner-recruit?csn=NmtJLzlTa2tDeXNlMzluZWlnUzQ5dz09
씨케이넷,(주)씨케이넷,0.0,https://www.saramin.co.kr/zf_user/company-info/view-inner-recruit?csn=LzZaTW9LdzhCMlFSSE5vTGNFakc3Zz09
아미덴탈,(주)아미덴탈,0.0,https://www.saramin.co.kr/zf_user/company-info/view-inner-recruit?csn=WWZxTFV1RVVlM0tYU0xKWGsvVWZwQT09
아이넷캅,아이넷캅,0.0,https://www.saramin.co.kr/zf_user/company-info/view-inner-recruit?csn=Si8yN2ZGWmlqSEF5STdGTTBGUjNwdz09
아이덴잇,아이덴잇,0.0,https://www.saramin.co.kr/zf_user/company-info/view-inner-recruit?csn=cVNJQUUxbGJwclBqTDUwWHgyeFdwZz09
아이디스,(주)아이디스,0.0,https://www.saramin.co.kr/zf_user/company-info/view-inner-recruit?csn=K2Z1b2FxSGRCd1Y2VlhsR25zMGN1dz09
아이리스테크놀로지,(주)아이리스테크놀로지,0.0,https://www.saramin.co.kr/zf_user/company-info/view-inner-recruit?csn=NHZEckJleTdZaExZV3hLWm5oVGZsQT09
아이브,(주)아이브,0.0,https://www.saramin.co.kr/zf_user/company-info/view-inner-recruit?csn=aVdiRHhZcVpIQ0QxSTJDSzhpZGxsdz09
아이스크림아트,(주)아이스크림아트,0.0,https://www.saramin.co.kr/zf_user/company-info/view-inner-recruit?csn=TUpmNmxhR2xVQ2NyU1gzS1lZeTYvUT09
아이앤티,아이앤티,0.0,https://www.saramin.co.kr/zf_user/company-info/view-inner-recruit?csn=UFpnY0xjRndsR1gvbzhEN1plVERrUT09
아이앤티로보틱스,(주)아이앤티로보틱스,0.0,https://www.saramin.co.kr/zf_user/company-info/view-inner-recruit?csn=NFRkNnhXTm9kZGVlRVVvQWd4cVZZUT09
아이언밸리,(주)아이언밸리,0.0,https://www.saramin.co.kr/zf_user/company-info/view-inner-recruit?csn=N2FtcnowdEU1QVRaUUtWSUltTGxHZz09
아이엔지스토리,(주)아이엔지스토리,0.0,https://www.saramin.co.kr/zf_user/company-info/view-inner-recruit?csn=bnpxMUJRNm1CTEIvakJhS0hCTitWQT09
아이오티즈,(주)아이오티즈,0.0,https://www.saramin.co.kr/zf_user/company-info/view-inner-recruit?csn=ZnlvcGtzYzM2ZXRWeGVodSt5cVAzUT09
아이오티플렉스,(주)아이오티플렉스,0.0,https://www.saramin.co.kr/zf_user/company-info/view-inner-recruit?csn=NW1xQnk1VmVqYk5uckZaV2xiYmkydz09
아이옵스,(주)아이옵스,0.0,https://www.saramin.co.kr/zf_user/company-info/view-inner-recruit?csn=c0ZsRmI5UGx6L1pJZHZkRkcxLzgwUT09
아이유노글로벌,(주)아이유노글로벌,0.0,https://www.saramin.co.kr/zf_user/company-info/view-inner-recruit?csn=K01ibHNpWFJBcVZOQXZhUE5PUmpOdz09
아이케이랩 (IKLAB Inc.),주식회사 아이케이랩 (IKLAB Inc.),0.0,https://www.saramin.co.kr/zf_user/company-info/view-inner-recruit?csn=bnhQWDZhRXpPOUg1U08yVmp3Qkhvdz09
아이쿠카,(주)아이쿠카,0.0,https://www.saramin.co.kr/zf_user/company-info/view-inner-recruit?csn=WDhSRnp6MWFnbndCd1lWenNFd1cwZz09
아이쿱,(주)아이쿱,0.0,https://www.saramin.co.kr/zf_user/company-info/view-inner-recruit?csn=UUJiQ3V5NUIyOUFCQ3lTTjZiaWFiZz09
아이티엘,주식회사 아이티엘,0.0,https://www.saramin.co.kr/zf_user/company-info/view-inner-recruit?csn=OWNzc3oxSkQrS1J2WGtuaFpBQXBFZz09
아이티엘,(주)아이티엘,0.0,https://www.saramin.co.kr/zf_user/company-info/view-inner-recruit?csn=OWNzc3oxSkQrS1J2WGtuaFpBQXBFZz09
아이티컨버젼스,아이티컨버젼스(주),0.0,https://www.saramin.co.kr/zf_user/company-info/view-inner-recruit?csn=UUgwU1AwZUhKOU5YRWgzVHZrakFNUT09
아이티테크,(주)아이티테크,0.0,https://www.saramin.co.kr/zf_user/company-info/view-inner-recruit?csn=M0FlZnU3bldIQzN3YTJEVHlsRlZnQT09
아이프리즘,(주)아이프리즘,0.0,https://www.saramin.co.kr/zf_user/company-info/view-inner-recruit?csn=K3Q0VVJQL2ZQWXRnZldldlpoNDVuZz09
아이피나우,(주)아이피나우,0.0,https://www.saramin.co.kr/zf_user/company-info/view-inner-recruit?csn=czJHWXhkczVxcUNKd2Zic2NmcG8yQT09
아토리서치,아토리서치(주),0.0,https://www.saramin.co.kr/zf_user/company-info/view-inner-recruit?csn=S0drZ0ZSVTArb3JjR0ZpOXFKNXlMZz09
안진회계법인,안진회계법인,0.0,https://www.saramin.co.kr/zf_user/company-info/view-inner-recruit?csn=M05yZkVnSjVYVWl4NHc3bDRkc3dkQT09
알세미,(주)알세미,0.0,https://www.saramin.co.kr/zf_user/company-info/view-inner-recruit?csn=RmpCeEljckg3UEtkNUxhR0tucUV3Zz09
알스퀘어,(주)알스퀘어,0.0,https://www.saramin.co.kr/zf_user/company-info/view-inner-recruit?csn=blJtZ2xPWjVTR2hwYTBIUWF0RU13Zz09
알에스엔,(주)알에스엔,0.0,https://www.saramin.co.kr/zf_user/company-info/view-inner-recruit?csn=VXdlNlJ1V3JMSlU4WXFxdUgrQWpNUT09
알지에이아이엔씨,(주)알지에이아이엔씨,0.0,https://www.saramin.co.kr/zf_user/company-info/view-inner-recruit?csn=dzZCY05UTE4vcWY4alo1bWFrSk1OQT09
알지오 평생교육원,알지오 평생교육원,0.0,https://www.saramin.co.kr/zf_user/company-info/view-inner-recruit?csn=RnpVT2tVTjQ5S2RDSHBwbHZ3YTBhUT09
알테어엔지니어링,알테어엔지니어링(주),0.0,https://www.saramin.co.kr/zf_user/company-info/view-inner-recruit?csn=REhKcHlVQTNmemUxNWtrNDU3bHByQT09
알피니언메디칼시스템,알피니언메디칼시스템,0.0,https://www.saramin.co.kr/zf_user/company-info/view-inner-recruit?csn=aHZsbnBXT3pYYW1TamdjZCtzVi9Idz09
애자일소다,(주)애자일소다,0.0,https://www.saramin.co.kr/zf_user/company-info/view-inner-recruit?csn=VWVSblpuS3cyL2dEd1c5RkFLSmFrUT09
액션파워,(주)액션파워,0.0,https://www.saramin.co.kr/zf_user/company-info/view-inner-recruit?csn=alJCM3cxNnhkVm95bTRhUS9JbEZ6Zz09
앤씨앤,(주)앤씨앤,3.3,https://www.saramin.co.kr/zf_user/company-info/view-inner-recruit?csn=eCthaktWaExVU2FYM3ZLRUdGS3pYZz09
앰진,(주)앰진,0.0,https://www.saramin.co.kr/zf_user/company-info/view-inner-recruit?csn=LzAzNU1mSXJUVVp4cGcrNFBBRWRsQT09
야놀자,(주)야놀자,1.9,https://www.saramin.co.kr/zf_user/company-info/view-inner-recruit?csn=ZkFWZ1JJR0Fudmd3eER6QzN1SE1Edz09
어니컴,어니컴(주),0.0,https://www.saramin.co.kr/zf_user/company-info/view-inner-recruit?csn=ZjVtWFluTWpjQlpJQTJ5VDVlRXpUUT09
어밸브,(주)어밸브,0.0,https://www.saramin.co.kr/zf_user/company-info/view-inner-recruit?csn=UEMzL0pBTDREUXYvWHdrSXY2MlVPUT09
어센트코리아,(주)어센트코리아,0.0,https://www.saramin.co.kr/zf_user/company-info/view-inner-recruit?csn=MlFyZzJLNUhVRGpWYTROUjhyV2VaUT09
업스테이지,(주)업스테이지,0.0,https://www.saramin.co.kr/zf_user/company-info/view-inner-recruit?csn=S2RCTlh2UkpuMlNVYWZXWU9hRmltZz09
에니트,(주)에니트,0.0,https://www.saramin.co.kr/zf_user/company-info/view-inner-recruit?csn=N000T2Zoc2podk4wUkx0TWVOVllEUT09
에델테크,주식회사에델테크,0.0,https://www.saramin.co.kr/zf_user/company-info/view-inner-recruit?csn=UGR4em45RFRZZjhpbUZqR2pvdHRRQT09
에듀캔버스,(주)에듀캔버스,0.0,https://www.saramin.co.kr/zf_user/company-info/view-inner-recruit?csn=RHZIeVNnN1JGSHJuSUxyR1JvQlhsdz09
에스아이아이씨,에스아이아이씨(주),0.0,https://www.saramin.co.kr/zf_user/company-info/view-inner-recruit?csn=dGQ3c1FwWmtpOWlIQ3BLSzQwcnI1Zz09
에스아이오티,에스아이오티(주),0.0,https://www.saramin.co.kr/zf_user/company-info/view-inner-recruit?csn=ZTdzaUNpWXlRUjdxam9aQjBnYlRpQT09
에스알,㈜에스알,0.0,https://www.saramin.co.kr/zf_user/company-info/view-inner-recruit?csn=R1JMeWlvWUl4T0l4cDhYTk9ySEhOdz09
에스앤티써치,(주)에스앤티써치,0.0,https://www.saramin.co.kr/zf_user/company-info/view-inner-recruit?csn=Nzk1T1hPakVNblc3Qk9Dc1dzNFlDZz09
에스에스티랩,(주)에스에스티랩,0.0,https://www.saramin.co.kr/zf_user/company-info/view-inner-recruit?csn=NG9xbUR2amJwbW1qRnFhU3dXYWdQQT09
에스에이치텍,(주)에스에이치텍,0.0,https://www.saramin.co.kr/zf_user/company-info/view-inner-recruit?csn=VVZGYjYyRDlqRmt6M3p5TVE5M0dmdz09
에스에이티,(주)에스에이티,5.4,https://www.saramin.co.kr/zf_user/company-info/view-inner-recruit?csn=dVV6ZFkzbnpsK3gzNFYvcXdZUmJrQT09
에스케이쉴더스,에스케이쉴더스(주),0.0,https://www.saramin.co.kr/zf_user/company-info/view-inner-recruit?csn=WTZqYityZFcrMHJCYVFtOFJZQzc3UT09
에스투더블유,(주)에스투더블유,0.0,https://www.saramin.co.kr/zf_user/company-info/view-inner-recruit?csn=OGw1Q1lpcys0c212dDI4Tk81YkxLUT09
에스티비컨설팅그룹,(주)에스티비컨설팅그룹,0.0,https://www.saramin.co.kr/zf_user/company-info/view-inner-recruit?csn=eW9YR2NJK0pvdGRqVjliRCtyNEZYZz09
에스티에스엔지니어링,(주)에스티에스엔지니어링,0.0,https://www.saramin.co.kr/zf_user/company-info/view-inner-recruit?csn=SHhVKzk4K3cweU9xeU41ZTJSeUoxUT09
에이모,(주)에이모,0.0,https://www.saramin.co.kr/zf_user/company-info/view-inner-recruit?csn=ZTFPQjk2cHFhUXlSZXhSeU5FYjI2QT09
에이블맥스,에이블맥스(주),0.0,https://www.saramin.co.kr/zf_user/company-info/view-inner-recruit?csn=aDVvWm1pRnpuYXZDQ1ZpcHV3cUhBUT09
에이블제이,에이블제이(주),0.0,https://www.saramin.co.kr/zf_user/company-info/view-inner-recruit?csn=UU1nMzUwR1p5KzVvSENoTk9Lem8rQT09
에이비일팔공,(주)에이비일팔공,0.0,https://www.saramin.co.kr/zf_user/company-info/view-inner-recruit?csn=bUNLTlBwNXVZYkl1NExwMm04UWpHdz09
에이아이네이션,(주)에이아이네이션,0.0,https://www.saramin.co.kr/zf_user/company-info/view-inner-recruit?csn=d3BFTS9KLzg2eHlpenF5b2tCNHE0UT09
에이아이더뉴트리진,(주)에이아이더뉴트리진,0.0,https://www.saramin.co.kr/zf_user/company-info/view-inner-recruit?csn=eHlaL2F3NkpYbGVUdHVpNG1oSG15UT09
에이아이인사이트,(주)에이아이인사이트,0.0,https://www.saramin.co.kr/zf_user/company-info/view-inner-recruit?csn=T0djaWxwdHQweTJETjdUS3kyS2JWZz09
에이아이트릭스,(주)에이아이트릭스,0.0,https://www.saramin.co.kr/zf_user/company-info/view-inner-recruit?csn=S0U1Z0JNNXhYVXlQY0ZVM3puYUJaUT09
에이앤티랩스,(주)에이앤티랩스,0.0,https://www.saramin.co.kr/zf_user/company-info/view-inner-recruit?csn=bUM3MHB4L2VkSkhvbnNiUGIwY0psdz09
에이에스피엔,(주)에이에스피엔,0.0,https://www.saramin.co.kr/zf_user/company-info/view-inner-recruit?csn=MDloNjMxa2g3MmJpcmt2NWd1aTJvZz09
에이엠스퀘어,에이엠스퀘어(주),0.0,https://www.saramin.co.kr/zf_user/company-info/view-inner-recruit?csn=bkxmRXo5cDZOdWxTeHEza2hnbjdJZz09
에이오팜,(주)에이오팜,0.0,https://www.saramin.co.kr/zf_user/company-info/view-inner-recruit?csn=NVgwUmUyNVFLbnp4QlhTclhwNVdDQT09
에이젠코어,(주)에이젠코어,0.0,https://www.saramin.co.kr/zf_user/company-info/view-inner-recruit?csn=bGlTNGR0d0M2dTVlaXVremZYWEFLQT09
에이치비테크놀러지,(주)에이치비테크놀러지,3.7,https://www.saramin.co.kr/zf_user/company-info/view-inner-recruit?csn=SmhNYi9ZZTBCM3J3SVk5MTlTazU1QT09
에이치아이티에스,(주)에이치아이티에스,0.0,https://www.saramin.co.kr/zf_user/company-info/view-inner-recruit?csn=REtmSkJvcWI2dEd6NDBURzk0OVFFdz09
에이치알글로벌네트워크,(주)에이치알글로벌네트워크,0.0,https://www.saramin.co.kr/zf_user/company-info/view-inner-recruit?csn=V2tFdVl1RHlwT20xNWVFN3U2YTJHdz09
에이치알브로스,에이치알브로스,0.0,https://www.saramin.co.kr/zf_user/company-info/view-inner-recruit?csn=K2ljRGNCUDdYZHV3UVcraXd1b0xxZz09
에이치알비즈코리아,(주)에이치알비즈코리아,0.0,https://www.saramin.co.kr/zf_user/company-info/view-inner-recruit?csn=Z3FCSzRTbFFyeS90K0VJNjJDMUlrQT09
에이치알캡,(주)에이치알캡,0.0,https://www.saramin.co.kr/zf_user/company-info/view-inner-recruit?csn=YmNDU1BlaXZQKzBQZXpFMllrbmRpQT09
에이치에스씨엠티,(주)에이치에스씨엠티,0.0,https://www.saramin.co.kr/zf_user/company-info/view-inner-recruit?csn=eTFrNFM0MmcvSkEyenAwUmpJcVJ1Zz09
에이치엘엠씨,(주)에이치엘엠씨,0.0,https://www.saramin.co.kr/zf_user/company-info/view-inner-recruit?csn=Mk5WREZPQnljaU9xcVVnOVI4MmpWUT09
에이치티에이,(주)에이치티에이,0.0,https://www.saramin.co.kr/zf_user/company-info/view-inner-recruit?csn=Mm4wVTRVcTRFeEszS0dqV1RTWFMzZz09
에이테크,주식회사 에이테크,0.0,https://www.saramin.co.kr/zf_user/company-info/view-inner-recruit?csn=WXJndCt1YVVsQXo1WUIrNWk4RW9iZz09
에이티아이,에이티아이(주),0.0,https://www.saramin.co.kr/zf_user/company-info/view-inner-recruit?csn=RjY0YXg2TE5QeExQQTlSNDhnQWVVUT09
에이플랫폼,에이플랫폼(주),0.0,https://www.saramin.co.kr/zf_user/company-info/view-inner-recruit?csn=QnBJc1hVZkZ2bVdmd1FjUTIzSlJzQT09
에프앤에프,(주)에프앤에프,2.8,https://www.saramin.co.kr/zf_user/company-info/view-inner-recruit?csn=bDFCNGN0QW9KTnpFR09qRDRZQk1jUT09
에프앤이그재큐티브,㈜ 에프앤이그재큐티브,0.0,https://www.saramin.co.kr/zf_user/company-info/view-inner-recruit?csn=VUN1ZUFUUjNMaGlLbWoyYnpjS2RjZz09
에프에스솔루션,(주)에프에스솔루션,0.0,https://www.saramin.co.kr/zf_user/company-info/view-inner-recruit?csn=aGRYbWRuMHlxV21kMTVNVjNCYWkxZz09
에프원소프트,에프원소프트(주),0.0,https://www.saramin.co.kr/zf_user/company-info/view-inner-recruit?csn=VExtdUg0SkN4UW1xRVN6aFI1ZmtnUT09
에프원시큐리티,(주)에프원시큐리티,0.0,https://www.saramin.co.kr/zf_user/company-info/view-inner-recruit?csn=WSs2WTBFZHQ0Z1FYS0ZCcWNKWHRQUT09
에피소든,주식회사 에피소든,0.0,https://www.saramin.co.kr/zf_user/company-info/view-inner-recruit?csn=T3JIY2pKa2hSekYxWWVTUmYwd1g4dz09
에픽모바일,(주)에픽모바일,0.0,https://www.saramin.co.kr/zf_user/company-info/view-inner-recruit?csn=cGo4cnpybG1DU1RPK3V5VGhYeGhydz09
엑셈,(주)엑셈,3.8,https://www.saramin.co.kr/zf_user/company-info/view-inner-recruit?csn=UzJldGtZVFZnUVcvN2pUaitXN1h1UT09
엑소시스템즈,(주)엑소시스템즈,0.0,https://www.saramin.co.kr/zf_user/company-info/view-inner-recruit?csn=ZmZPZkM0MU9lekc2T3RIaENuT2lYZz09
엑스엘게임즈,(주)엑스엘게임즈,3.6,https://www.saramin.co.kr/zf_user/company-info/view-inner-recruit?csn=QnpyNXM3OHlQWXdEZVFXOTcySWg3UT09
엑스큐어넷,(주)엑스큐어넷,0.0,https://www.saramin.co.kr/zf_user/company-info/view-inner-recruit?csn=SFlIS0lLa3RpY1pUUVhjdWRzakpJdz09
엑스퍼트소사이어티,(주)엑스퍼트소사이어티,0.0,https://www.saramin.co.kr/zf_user/company-info/view-inner-recruit?csn=NXI3Z1RuUHhJVEs0UWxmVlE4RGQxZz09
엑스페릭스,(주)엑스페릭스,2.8,https://www.saramin.co.kr/zf_user/company-info/view-inner-recruit?csn=YWF6b1hCNzhBdXZScFFvcUF4SGtXQT09
엑스페릭스,주식회사 엑스페릭스,2.8,https://www.saramin.co.kr/zf_user/company-info/view-inner-recruit?csn=YWF6b1hCNzhBdXZScFFvcUF4SGtXQT09
엔셀,엔셀 주식회사,0.0,https://www.saramin.co.kr/zf_user/company-info/view-inner-recruit?csn=emNQV0dOZ0FzQ05TajhuRmRadWpCZz09
엔씨아이티에스,(주)엔씨아이티에스,0.0,https://www.saramin.co.kr/zf_user/company-info/view-inner-recruit?csn=Z0lRUFBPSlEyb1NVMVpwVHNzWHEydz09
엔에스원소프트,엔에스원소프트(주),0.0,https://www.saramin.co.kr/zf_user/company-info/view-inner-recruit?csn=UVQ0WUVZVzRpM0R4QmRVcU9qNytPdz09
엔에이치엔,엔에이치엔(주),2.5,https://www.saramin.co.kr/zf_user/company-info/view-inner-recruit?csn=M09hZ0V5QVdZRFZ4V2hUNkZ5anZ2Zz09
엔엑스테크놀로지,(주)엔엑스테크놀로지,0.0,https://www.saramin.co.kr/zf_user/company-info/view-inner-recruit?csn=TjlCakpxdjdQc244eVAwVnUzY2NuUT09
엔엠소프트,(주)엔엠소프트,0.0,https://www.saramin.co.kr/zf_user/company-info/view-inner-recruit?csn=Ry9iN0E5NDJ1ZTc3aW9NUVVDanRHZz09
엔엠에스컨설팅,(주)엔엠에스컨설팅,0.0,https://www.saramin.co.kr/zf_user/company-info/view-inner-recruit?csn=T0pGdzkxM2FGSFBBN1dzcGcrbWhUZz09
엔정보기술,㈜엔정보기술,0.0,https://www.saramin.co.kr/zf_user/company-info/view-inner-recruit?csn=d2R3ZUc5a1ltM3lWL2ZwY0JNMTRuQT09
엔젠바이오,주식회사 엔젠바이오,2.6,https://www.saramin.co.kr/zf_user/company-info/view-inner-recruit?csn=WG1kem4yWmVVclp0OG9sNHd2bDhMQT09
엔지온시스템,(주)엔지온시스템,0.0,https://www.saramin.co.kr/zf_user/company-info/view-inner-recruit?csn=R1hIZjgyUUpITEVtaVc1a2JQNldNUT09
엔터웨이파트너스,엔터웨이파트너스,0.0,https://www.saramin.co.kr/zf_user/company-info/view-inner-recruit?csn=c3BHeWp2VHdVUzF3UkpncG5QZS91UT09
엔토포스,(주)엔토포스,0.0,https://www.saramin.co.kr/zf_user/company-info/view-inner-recruit?csn=UmhYcFlMZFd5c0czbE9wb280eTVLUT09
엘로이랩,(주)엘로이랩,0.0,https://www.saramin.co.kr/zf_user/company-info/view-inner-recruit?csn=OTdLUmhvMTlYeUl2MVZWNlZ2c3BKZz09
엘에스케이,(주)엘에스케이,0.0,https://www.saramin.co.kr/zf_user/company-info/view-inner-recruit?csn=Nk1KQ2dkam00ckx2akI3V2dubjRBQT09
엠디비,(주)엠디비,0.0,https://www.saramin.co.kr/zf_user/company-info/view-inner-recruit?csn=ZHpZWERLYkJ5NFovcDdxcDUyREQrZz09
엠디에스인텔리전스,(주)엠디에스인텔리전스,0.0,https://www.saramin.co.kr/zf_user/company-info/view-inner-recruit?csn=S2NzRmltUGU1SS8xWEFYTzVwZDM5QT09
엠디에스테크,(주)엠디에스테크,4.8,https://www.saramin.co.kr/zf_user/company-info/view-inner-recruit?csn=ODZrelZDcHdjT1p4WVJESlVNeUpJdz09
엠디코리아,(주)엠디코리아,0.0,https://www.saramin.co.kr/zf_user/company-info/view-inner-recruit?csn=dlhsaDlNQzJTVlE1bkwzTEdGQkZLUT09
엠앤디,(주)엠앤디,0.0,https://www.saramin.co.kr/zf_user/company-info/view-inner-recruit?csn=VStOT3crRTBmS1lZRFBHM3Y3Uk1rZz09
엠에이치엔씨티,(주)엠에이치엔씨티,0.0,https://www.saramin.co.kr/zf_user/company-info/view-inner-recruit?csn=ZmUwV0RyVW5UakVXVlpidG1MaThwUT09
엠클라우드브리지,엠클라우드브리지(주),0.0,https://www.saramin.co.kr/zf_user/company-info/view-inner-recruit?csn=VHFNS3pRc0V2ZjRLWmlSbTZGVzdadz09
엠트리센,(주)엠트리센,0.0,https://www.saramin.co.kr/zf_user/company-info/view-inner-recruit?csn=RElwaVo2M1lVQjRnMG1GMHN4QTVZQT09
여의시스템,(주)여의시스템,0.0,https://www.saramin.co.kr/zf_user/company-info/view-inner-recruit?csn=QWJhN1hwNnF0TjZsT1YzK2lESHZ4dz09
연합시스템,(주)연합시스템,0.0,https://www.saramin.co.kr/zf_user/company-info/view-inner-recruit?csn=dW0rTGcxRHVWUkFPL3hXV2hjbC9Qdz09
오누이,(주)오누이,0.0,https://www.saramin.co.kr/zf_user/company-info/view-inner-recruit?csn=RHYrYmdXSzhITkhjaXdCN3gxalZhZz09
오늘의작업장,(주)오늘의작업장,0.0,https://www.saramin.co.kr/zf_user/company-info/view-inner-recruit?csn=SlFnL1llWmxGMWNzM1lQa2RWN2tWdz09
오로스테크놀로지,(주)오로스테크놀로지,2.8,https://www.saramin.co.kr/zf_user/company-info/view-inner-recruit?csn=T3k3OC9GRmpTa2JCRTRpdEtudXZoZz09
오버레이,(주)오버레이,0.0,https://www.saramin.co.kr/zf_user/company-info/view-inner-recruit?csn=UmpiclIzWUxRcUp1MmlQOUJJb3VPdz09
오케스트로,오케스트로(주),0.0,https://www.saramin.co.kr/zf_user/company-info/view-inner-recruit?csn=OW9kdVd4QjNNeVowRWtxM29XN1IyZz09
오토웰즈,(주)오토웰즈,0.0,https://www.saramin.co.kr/zf_user/company-info/view-inner-recruit?csn=a1NUQVVNY1dtQ3VmZnFKYlZOVmRoUT09
오프너드,오프너드(주),0.0,https://www.saramin.co.kr/zf_user/company-info/view-inner-recruit?csn=K2x0NFpERld0MWhBVWlCRGpyTi83UT09
오픈메이트,(주)오픈메이트,0.0,https://www.saramin.co.kr/zf_user/company-info/view-inner-recruit?csn=cVp5Sk1jODBvYndURWdtdEMwTWQ1QT09
온리원파트너스,온리원파트너스(주),0.0,https://www.saramin.co.kr/zf_user/company-info/view-inner-recruit?csn=cUFtd1hmak1YcVAyeTZZcFZJWk9zZz09
온택트헬스,(주)온택트헬스,0.0,https://www.saramin.co.kr/zf_user/company-info/view-inner-recruit?csn=UzFvNWFIMDdoYVI4UXVTd2Y3MURXUT09
옵트에이아이,(주)옵트에이아이,0.0,https://www.saramin.co.kr/zf_user/company-info/view-inner-recruit?csn=R1NScnY5elFFU0Y4VjVWdlZYd0wrQT09
와디즈,와디즈(주),0.0,https://www.saramin.co.kr/zf_user/company-info/view-inner-recruit?csn=REJ6VXpRTmVFTG5mRzFWckJMZ2hFdz09
와따,(주)와따,0.0,https://www.saramin.co.kr/zf_user/company-info/view-inner-recruit?csn=Y0U4bUdzUjVSeWJzTWFucC9NMk9GUT09
와이비에스,(주)와이비에스,0.0,https://www.saramin.co.kr/zf_user/company-info/view-inner-recruit?csn=bkNJQjZic05OYUl0Nk1NVjZMb0p4dz09
와이시스(YSYS),와이시스(YSYS),0.0,https://www.saramin.co.kr/zf_user/company-info/view-inner-recruit?csn=SXZaRGozWFEycXlTWVJlN1pzV3FUZz09
와이아웃,(주)와이아웃,0.0,https://www.saramin.co.kr/zf_user/company-info/view-inner-recruit?csn=Wnh1ZnkrZWxNZjVXUnV4RXE0MEFVZz09
와이즈넛,㈜와이즈넛,3.6,https://www.saramin.co.kr/zf_user/company-info/view-inner-recruit?csn=anV4RmMxWjdGODRUVDI2aDRYN2Ixdz09
와이즈넛,(주)와이즈넛,3.6,https://www.saramin.co.kr/zf_user/company-info/view-inner-recruit?csn=anV4RmMxWjdGODRUVDI2aDRYN2Ixdz09
와이즈컨,(주)와이즈컨,0.0,https://www.saramin.co.kr/zf_user/company-info/view-inner-recruit?csn=d1VTSmhUK1o4Q2IwVGh2citNbm02QT09
우경정보기술,(주)우경정보기술,0.0,https://www.saramin.co.kr/zf_user/company-info/view-inner-recruit?csn=eEJpMDJhSHZNc2lJb0FBTWljZlFvZz09
우주일렉트로닉스,(주)우주일렉트로닉스,9.8,https://www.saramin.co.kr/zf_user/company-info/view-inner-recruit?csn=bWxaTEhKY2Y3ODZJWjk1OENaWnNCZz09
웅진,(주)웅진,8.4,https://www.saramin.co.kr/zf_user/company-info/view-inner-recruit?csn=ZzZiOG1FUk1zTjdZWlpYK3p6S2k3dz09
웍스메이트,(주)웍스메이트,0.0,https://www.saramin.co.kr/zf_user/company-info/view-inner-recruit?csn=UjAxM3BzN29mdUdiUUczWE9TMU9Ndz09
웨어포인트,(주)웨어포인트,0.0,https://www.saramin.co.kr/zf_user/company-info/view-inner-recruit?csn=Nkl1ZmJuWlVTNkhDNmlEQktmT0xZQT09
웨이즈원,웨이즈원(주),0.0,https://www.saramin.co.kr/zf_user/company-info/view-inner-recruit?csn=M284MWR3dFFNdlYxeno3OUtBa1RrUT09
웰그램,(주)웰그램,0.0,https://www.saramin.co.kr/zf_user/company-info/view-inner-recruit?csn=TUV0Mm0rMExmK0NndUc1ZGJSbVh5QT09
웰트,웰트(주),0.0,https://www.saramin.co.kr/zf_user/company-info/view-inner-recruit?csn=Ni9ndXdTTUhDVXNNM3ZzWWNJSE5xdz09
위더스파트너스,위더스파트너스(주),0.0,https://www.saramin.co.kr/zf_user/company-info/view-inner-recruit?csn=WTNQOWM3Y09vbFRkeHR0QWNnWGdTZz09
위마크,(주)위마크,0.0,https://www.saramin.co.kr/zf_user/company-info/view-inner-recruit?csn=eGxvWnpaQ2NTeGJ1Nll4MVpwSVh1QT09
위메,위메(주),0.0,https://www.saramin.co.kr/zf_user/company-info/view-inner-recruit?csn=VW8wZ2czWTNBZUFvR096UGlwNlJGQT09
위메이드,(주)위메이드,1.6,https://www.saramin.co.kr/zf_user/company-info/view-inner-recruit?csn=Rkt1ejR6ZE10azN4QUJTNUJBbUxoQT09
위존,(주)위존,0.0,https://www.saramin.co.kr/zf_user/company-info/view-inner-recruit?csn=QStBclA4dWh4S1hmb25sa2VMRDk0QT09
위즈커뮤니케이션즈,(주)위즈커뮤니케이션즈,0.0,https://www.saramin.co.kr/zf_user/company-info/view-inner-recruit?csn=c3FTd29nVXN4ZjdzL0h6TzdjdlZwQT09
윈텍오토메이션,(주)윈텍오토메이션,0.0,https://www.saramin.co.kr/zf_user/company-info/view-inner-recruit?csn=dWx2THZSS2FYc0wydm9Ob0VzSG5EZz09
유디엔에스,(주)유디엔에스,0.0,https://www.saramin.co.kr/zf_user/company-info/view-inner-recruit?csn=L3pBZmEvSVpNcGxKR1BpVmVxMEFEQT09
유엔디,(주)유엔디,0.0,https://www.saramin.co.kr/zf_user/company-info/view-inner-recruit?csn=T2NNVWprTTBndXN6Q3R5alplU3hYUT09
유호스트,(주)유호스트,0.0,https://www.saramin.co.kr/zf_user/company-info/view-inner-recruit?csn=d21IcnNiaDlaeWhjcm5OTE81N01sZz09
이글루코퍼레이션,(주)이글루코퍼레이션,3.5,https://www.saramin.co.kr/zf_user/company-info/view-inner-recruit?csn=L2ZKR25TU2UxUHZLYUJHK0J4cHFZUT09
이너버스,(주)이너버스,0.0,https://www.saramin.co.kr/zf_user/company-info/view-inner-recruit?csn=ZjVybURoV1RVREdaa1RRUWtScHRjQT09
이노그리드,(주)이노그리드,2.2,https://www.saramin.co.kr/zf_user/company-info/view-inner-recruit?csn=VjduWE5acGpoQjNxZFFmN2JrODZIdz09
이노뎁,이노뎁(주),0.0,https://www.saramin.co.kr/zf_user/company-info/view-inner-recruit?csn=RUJIa1hYVDZ5SXpGMWRDaElqdUJoUT09
이노룰스,(주)이노룰스,5.0,https://www.saramin.co.kr/zf_user/company-info/view-inner-recruit?csn=aGlGcmVuajJsM0FudlFCL3QwWExTdz09
이노비즈,(주)이노비즈,0.0,https://www.saramin.co.kr/zf_user/company-info/view-inner-recruit?csn=VktZdEh1cXdnQUdCMThNbkNZTkk0UT09
이동의즐거움,(주)이동의즐거움,0.0,https://www.saramin.co.kr/zf_user/company-info/view-inner-recruit?csn=M2plM29HNW5LVWVUNTBJTzE3UzY2UT09
이랜드이노플,(주)이랜드이노플,0.0,https://www.saramin.co.kr/zf_user/company-info/view-inner-recruit?csn=bTgzTTJ6NGc0Zk5EWE9YbmZ5TDRmQT09
이랜텍,(주)이랜텍,0.0,https://www.saramin.co.kr/zf_user/company-info/view-inner-recruit?csn=ZlUwVUhIM0ZWejZHWnVEWk5vaU5PUT09
이마고웍스,이마고웍스(주),0.0,https://www.saramin.co.kr/zf_user/company-info/view-inner-recruit?csn=Ly9FcnIwRW9lV0U1RVNLN1lTRjJaUT09
이몰디노,(주)이몰디노,0.0,https://www.saramin.co.kr/zf_user/company-info/view-inner-recruit?csn=enl1NHRBdUlXa1ZPTFlPMEJZbU53Zz09
이스트소프트,(주)이스트소프트,3.8,https://www.saramin.co.kr/zf_user/company-info/view-inner-recruit?csn=a0k0YklQejMwRmwwcDY3aGxMVWJNUT09
이씨마스타,(주)이씨마스타,0.0,https://www.saramin.co.kr/zf_user/company-info/view-inner-recruit?csn=emNxRWs5ZUQ1aUF3ZnV4ZWZQbFpjUT09
이씨에스텔레콤,(주)이씨에스텔레콤,6.3,https://www.saramin.co.kr/zf_user/company-info/view-inner-recruit?csn=WUhzUEpNWDlUV1hLK2ViYllYN3VGQT09
이에스이,이에스이(주),0.0,https://www.saramin.co.kr/zf_user/company-info/view-inner-recruit?csn=M214N2JseEVXRlFaYlMwK291TzhuZz09
이에스티소프트,(주)이에스티소프트,0.0,https://www.saramin.co.kr/zf_user/company-info/view-inner-recruit?csn=ajJPOVNPNWJTOW9qQUw3SEcrcWIzZz09
이엠맵정보,(주)이엠맵정보,0.0,https://www.saramin.co.kr/zf_user/company-info/view-inner-recruit?csn=RFh6QWZXQUVZMUlhSnBxcGhaN2JKQT09
이엠솔루션,이엠솔루션,0.0,https://www.saramin.co.kr/zf_user/company-info/view-inner-recruit?csn=Sytna3ltMEt6QldCZjdXSkgzL1ptQT09
이음이엔지,(주)이음이엔지,0.0,https://www.saramin.co.kr/zf_user/company-info/view-inner-recruit?csn=d1pDcjRLbURFTTZYM0drandsS1hsdz09
이음정보통신기술,(주)이음정보통신기술,0.0,https://www.saramin.co.kr/zf_user/company-info/view-inner-recruit?csn=U1BqUVZGLzQvNzRKVldoVjAySmRpQT09
이지놈 (eGnome),주식회사 이지놈 (eGnome),0.0,https://www.saramin.co.kr/zf_user/company-info/view-inner-recruit?csn=ZFJTUnhvcmY0bk1TZjVQV0htN3oyUT09
이지서티,주식회사 이지서티,0.0,https://www.saramin.co.kr/zf_user/company-info/view-inner-recruit?csn=UkhRVkhDcm45bTkwaERsbXRPSFpMUT09
이지스,(주)이지스,0.0,https://www.saramin.co.kr/zf_user/company-info/view-inner-recruit?csn=cmxObjhIV2pmV2ZwMmJ4MnZ1QmNiQT09
이지스헬스케어,(주)이지스헬스케어,0.0,https://www.saramin.co.kr/zf_user/company-info/view-inner-recruit?csn=aGUvSmhuTGoyaHBadng0SFhkYXdvZz09
이지케어텍,이지케어텍(주),6.0,https://www.saramin.co.kr/zf_user/company-info/view-inner-recruit?csn=a01NSEN0dldvU1ViZk91bHJFQUZOdz09
이지테크핀,(주)이지테크핀,0.0,https://www.saramin.co.kr/zf_user/company-info/view-inner-recruit?csn=RTVLeFVWR21FMDRDK2Fab3p4cXV6dz09
이콜트리,(주)이콜트리,0.0,https://www.saramin.co.kr/zf_user/company-info/view-inner-recruit?csn=Y2liRUNzK0oyTXcyeXlJZjNNandlZz09
이파피루스,(주)이파피루스,0.0,https://www.saramin.co.kr/zf_user/company-info/view-inner-recruit?csn=VGNZNXR5ZSsyR1NJZ2IrekNUVXludz09
이호스트아이씨티,(주)이호스트아이씨티,0.0,https://www.saramin.co.kr/zf_user/company-info/view-inner-recruit?csn=ZWlMQXRxVUUzb0VRVUFLQmZJcjJUUT09
인공지능팩토리,(주)인공지능팩토리,0.0,https://www.saramin.co.kr/zf_user/company-info/view-inner-recruit?csn=UzlvaTZ2SG5XVmh3SitSYTJHZ2pNUT09
인라이플,(주)인라이플,0.0,https://www.saramin.co.kr/zf_user/company-info/view-inner-recruit?csn=UVQ4U1R6ZmlFbWp2YVZodkNWRlcvQT09
인스케이프,(주)인스케이프,0.0,https://www.saramin.co.kr/zf_user/company-info/view-inner-recruit?csn=M3ZWbzdKUzY2QllYM09ob0tlSW9SZz09
인터엑스,(주)인터엑스,0.0,https://www.saramin.co.kr/zf_user/company-info/view-inner-recruit?csn=RkNKUHpoSTZXY0ZNeENqa0dKR3Nwdz09
인터커넥션,인터커넥션,0.0,https://www.saramin.co.kr/zf_user/company-info/view-inner-recruit?csn=UVlOdmFkaEFYVm1TQTNjbGNuekxKZz09
인텔리빅스,(주)인텔리빅스,0.0,https://www.saramin.co.kr/zf_user/company-info/view-inner-recruit?csn=RWlZdHF4K1Y2bDlyTUkzRzhINUFkZz09
인텔리코드,(주)인텔리코드,0.0,https://www.saramin.co.kr/zf_user/company-info/view-inner-recruit?csn=dWY0RFNDVGlpV0hwUWtnYmozeUErdz09
인포그램,인포그램 주식회사,0.0,https://www.saramin.co.kr/zf_user/company-info/view-inner-recruit?csn=akJvM1FtbEhzb3dMZ2xDTUxUU1I4dz09
인포뱅크,인포뱅크(주),6.5,https://www.saramin.co.kr/zf_user/company-info/view-inner-recruit?csn=Y2lCMEZwSUU2b0JFN1Q0cXBkYkl2UT09
인피니트헬스케어,(주)인피니트헬스케어,8.7,https://www.saramin.co.kr/zf_user/company-info/view-inner-recruit?csn=NTI1azBvNG1qNERPdmlCTXFYMVpKdz09
일레븐전자,(주)일레븐전자,0.0,https://www.saramin.co.kr/zf_user/company-info/view-inner-recruit?csn=SFZMcXZ6a2JLL1ZFSzh3Q0dHc2JxZz09
일삼헤르츠,일삼헤르츠(주),0.0,https://www.saramin.co.kr/zf_user/company-info/view-inner-recruit?csn=U1l4QngyTHJEWWdUL01xbjhYanJ3QT09
잇팩,(주)잇팩,0.0,https://www.saramin.co.kr/zf_user/company-info/view-inner-recruit?csn=TlIwd1JCRUQveVVaQTBBVUtWMmpsZz09
자비스,(주)자비스,0.0,https://www.saramin.co.kr/zf_user/company-info/view-inner-recruit?csn=Y2p4UjBleHRVaWdHVGVzVXY4RkdzUT09
자이오넥스,(주)자이오넥스,0.0,https://www.saramin.co.kr/zf_user/company-info/view-inner-recruit?csn=V1lxVE5zVWZ1T2V4eXdqTnFnUm5FZz09
자이온아이티에스,(주)자이온아이티에스,0.0,https://www.saramin.co.kr/zf_user/company-info/view-inner-recruit?csn=MFlJb2hybDJiYXQ4WHNJeWpubUVwQT09
잼코딩,(주)잼코딩,0.0,https://www.saramin.co.kr/zf_user/company-info/view-inner-recruit?csn=VzZObVByejlhai9qZnJudlVaN21OZz09
전능아이티,전능아이티(주),0.0,https://www.saramin.co.kr/zf_user/company-info/view-inner-recruit?csn=MWFCNjAvOXFBSHZCSURGS0U3Q3dCdz09
제니스앤컴퍼니,제니스앤컴퍼니(주),0.0,https://www.saramin.co.kr/zf_user/company-info/view-inner-recruit?csn=T1VqOXdNQlJFOEZ2SjdpbEkxN0s3dz09
제이랩스,(주)제이랩스,0.0,https://www.saramin.co.kr/zf_user/company-info/view-inner-recruit?csn=L3ZUczFGR0MzTW9BYUQraXZ2MTdDdz09
제이슨,(주)제이슨,0.0,https://www.saramin.co.kr/zf_user/company-info/view-inner-recruit?csn=bmtQNWk1aU1sa2hRcTZJV3AzZjBaUT09
제이앤피에이치알컨설팅,제이앤피에이치알컨설팅,0.0,https://www.saramin.co.kr/zf_user/company-info/view-inner-recruit?csn=anR0WEIyNWZtU2RNYnZ6Qm9nR2xxZz09
제이엘케이,(주)제이엘케이,2.0,https://www.saramin.co.kr/zf_user/company-info/view-inner-recruit?csn=dGJHczlpN0NvYWNkaEhUbGRXZXdKUT09
제제소프트,주식회사 제제소프트,0.0,https://www.saramin.co.kr/zf_user/company-info/view-inner-recruit?csn=QlFETm8za2ZpVmMxV3ozT3RTRnJaUT09
제타럭스시스템,(주)제타럭스시스템,0.0,https://www.saramin.co.kr/zf_user/company-info/view-inner-recruit?csn=Zm9ETjB6SU53ZFBZOHhRZWljZWRqZz09
젬백스링크,(주)젬백스링크,3.1,https://www.saramin.co.kr/zf_user/company-info/view-inner-recruit?csn=ZlNDWVozbzJmaW0rK2VNd1MyZCt5QT09
조이시티,(주)조이시티,4.0,https://www.saramin.co.kr/zf_user/company-info/view-inner-recruit?csn=QVB0UHBlQTlVTDNGeUk1bGlLeGxlUT09
지놈인사이트테크놀로지,(주)지놈인사이트테크놀로지,0.0,https://www.saramin.co.kr/zf_user/company-info/view-inner-recruit?csn=V3NrU3J5TkZyaHpadVdTODlWNE9MZz09
지란지교데이터,(주)지란지교데이터,0.0,https://www.saramin.co.kr/zf_user/company-info/view-inner-recruit?csn=NmFUMEZXd1JaYVhNQW1sMDVaMlFDZz09
지멘스헬시니어스,지멘스헬시니어스(주),0.0,https://www.saramin.co.kr/zf_user/company-info/view-inner-recruit?csn=MUpKUTJncHJyRXFVSi9tbDNmUVRmZz09
지스펙,지스펙(주),0.0,https://www.saramin.co.kr/zf_user/company-info/view-inner-recruit?csn=MVFjM2dVUFhpeVovMlNMS1A2S0tRZz09
지식시스템 KSTEC Inc.,지식시스템㈜ KSTEC Inc.,0.0,https://www.saramin.co.kr/zf_user/company-info/view-inner-recruit?csn=dGoyYVVFcml4Z3RwL01ncVJLVzRudz09
지씨,(주)지씨,0.0,https://www.saramin.co.kr/zf_user/company-info/view-inner-recruit?csn=UkdSK1ZFdFQ2WTlCbENlTVNSR0JYQT09
지씨케어,(주)지씨케어,0.0,https://www.saramin.co.kr/zf_user/company-info/view-inner-recruit?csn=L0VOTEVXUGVXZWhRT2ljWnlOYkw1Zz09
지앤티솔루션,(주)지앤티솔루션,0.0,https://www.saramin.co.kr/zf_user/company-info/view-inner-recruit?csn=Mm45TVIrRWRwb3ZIWlIyYlVEb3l4Zz09
지엔아이티,(주)지엔아이티,0.0,https://www.saramin.co.kr/zf_user/company-info/view-inner-recruit?csn=V0dHRUNxNms1YjRUQ2hhTDU5S3JtQT09
지인,(주)지인,0.0,https://www.saramin.co.kr/zf_user/company-info/view-inner-recruit?csn=d2MraTlaV1c4UThRV1lndTRldy9Ydz09
지지56코리아,(주)지지56코리아,0.0,https://www.saramin.co.kr/zf_user/company-info/view-inner-recruit?csn=YTJyeGM1bUxtVHZJc0JYVTZVRkJjQT09
진학사,(주)진학사,0.0,https://www.saramin.co.kr/zf_user/company-info/view-inner-recruit?csn=MTVDWnNnUi96Ny9welZIaGpJQ3kwUT09
집쇼코리아,(주)집쇼코리아,0.0,https://www.saramin.co.kr/zf_user/company-info/view-inner-recruit?csn=b0I5a0tzbFU1alo0aDVmNXYzdkwvZz09
충북대학교병원,충북대학교병원,0.0,https://www.saramin.co.kr/zf_user/company-info/view-inner-recruit?csn=MEJWbTVxRFBHSDltRjlYbkZMdmN5Zz09
칩스앤미디어,(주)칩스앤미디어,5.5,https://www.saramin.co.kr/zf_user/company-info/view-inner-recruit?csn=Y0JzZzE0dzhHaFl6OXJVb1RFdDNsQT09
카비,(주)카비,0.0,https://www.saramin.co.kr/zf_user/company-info/view-inner-recruit?csn=Mzd2QitQZmpEamN5dFlCRFM3UHRzQT09
카카오브이엑스,(주)카카오브이엑스,0.0,https://www.saramin.co.kr/zf_user/company-info/view-inner-recruit?csn=MG4wblNhUDRVcldMQ0s1UERTaFM4UT09
칼리버스,(주)칼리버스,0.0,https://www.saramin.co.kr/zf_user/company-info/view-inner-recruit?csn=dGdZMFNGVjVxUVU3VFNROXFnanV0Zz09
캐롯손해보험,캐롯손해보험(주),0.0,https://www.saramin.co.kr/zf_user/company-info/view-inner-recruit?csn=eUVZalJaYnR6UWhRdVg1cnExYkhtdz09
캐시카우,(주)캐시카우,0.0,https://www.saramin.co.kr/zf_user/company-info/view-inner-recruit?csn=cjJwcnNPSUV2UnJ2ZEFlc3FDMzczQT09
캠퍼스세븐,캠퍼스세븐(주),0.0,https://www.saramin.co.kr/zf_user/company-info/view-inner-recruit?csn=aldqMHdjSDZRY04zNGFCYUdKdW9Sdz09
커넥트웨이브,(주)커넥트웨이브,5.4,https://www.saramin.co.kr/zf_user/company-info/view-inner-recruit?csn=dmI3S25qOGNKNm5LQ002RjZWcWE5QT09
컨텍,(주)컨텍,0.0,https://www.saramin.co.kr/zf_user/company-info/view-inner-recruit?csn=SVRJUXUzazVmb1J3TENhS3dNZzJCdz09
컨트롤웍스,(주)컨트롤웍스,0.0,https://www.saramin.co.kr/zf_user/company-info/view-inner-recruit?csn=dTVOQVNSck9VR25ZVTcvWUN5eFBTUT09
컴퓨터메이트,(주)컴퓨터메이트,0.0,https://www.saramin.co.kr/zf_user/company-info/view-inner-recruit?csn=TitOUWJIUkpoY3JvVWt0OXp0NG9MQT09
케이디엑스한국데이터거래소,(주)케이디엑스한국데이터거래소,0.0,https://www.saramin.co.kr/zf_user/company-info/view-inner-recruit?csn=RzFhWWc2V0ZDOEJqU1ZyZ0JpdjJhZz09
케이알티,케이알티(주),0.0,https://www.saramin.co.kr/zf_user/company-info/view-inner-recruit?csn=cG9rSG5Zcm0xOFR1TUFUNHdMTGFwUT09
케이앤웍스,(주)케이앤웍스,0.0,https://www.saramin.co.kr/zf_user/company-info/view-inner-recruit?csn=SU1VdTU4bm1ZU0dzN2VydXJQVHd5UT09
케이에스씨앤씨,(주)케이에스씨앤씨,0.0,https://www.saramin.co.kr/zf_user/company-info/view-inner-recruit?csn=cjhFczdZWDN6UmdiTjdHQWtyUWRzdz09
케이에이치정보교육원,(주)케이에이치정보교육원,0.0,https://www.saramin.co.kr/zf_user/company-info/view-inner-recruit?csn=RHVjZ29YSFJMWm1QK1ZHbml0WFFoUT09
케이티넥스알,(주)케이티넥스알,0.0,https://www.saramin.co.kr/zf_user/company-info/view-inner-recruit?csn=RVBGMGxtRGQ2NXBVWFdMSWNCUTlqZz09
케인앤클루컨설팅,(주) 케인앤클루컨설팅,0.0,https://www.saramin.co.kr/zf_user/company-info/view-inner-recruit?csn=K0VKOGZxZ0NQZ2JiTkZLMHBqUlB5UT09
케파스,(주)케파스,0.0,https://www.saramin.co.kr/zf_user/company-info/view-inner-recruit?csn=ZHM0OVJoMzlvaGdGb3VkVkNTNG5nZz09
코가로보틱스,코가로보틱스(주),0.0,https://www.saramin.co.kr/zf_user/company-info/view-inner-recruit?csn=bHU2Z0MyV21iZEJiUXNaSGJEQng5QT09
코그콤,(주)코그콤,0.0,https://www.saramin.co.kr/zf_user/company-info/view-inner-recruit?csn=aStOUThla0VmcDVMREFTT09xU3c1UT09
코나모빌리티,코나모빌리티(주),0.0,https://www.saramin.co.kr/zf_user/company-info/view-inner-recruit?csn=cTVia3NJclpNREtTbUowNy9pTk4zUT09
코난테크놀로지,(주)코난테크놀로지,3.6,https://www.saramin.co.kr/zf_user/company-info/view-inner-recruit?csn=bUFmNmVjQ2x2VEVrOSt0STg3dms5Zz09
코너스톤42,(주)코너스톤42,0.0,https://www.saramin.co.kr/zf_user/company-info/view-inner-recruit?csn=ZVNJQ1d1NDRHNEZ2K0EwaENUNDB0QT09
코닉글로리,(주)코닉글로리,0.0,https://www.saramin.co.kr/zf_user/company-info/view-inner-recruit?csn=ZWZwL2xmQmJBUVk2ajllMEI1UjVWZz09
코데이터솔루션,코데이터솔루션(주),0.0,https://www.saramin.co.kr/zf_user/company-info/view-inner-recruit?csn=NURVZ0ZObEl5T0c5Tkp3V29ZcThnQT09
코라이즈테크놀로지,(주)코라이즈테크놀로지,0.0,https://www.saramin.co.kr/zf_user/company-info/view-inner-recruit?csn=aXNaTUh2NTZFbEFMc3dibE1reUlGdz09
코리아써치,코리아써치,0.0,https://www.saramin.co.kr/zf_user/company-info/view-inner-recruit?csn=RVVSRjA5cHVzUlEvenF2dU5UWnVEUT09
코리아엑스퍼트,코리아엑스퍼트(주),0.0,https://www.saramin.co.kr/zf_user/company-info/view-inner-recruit?csn=RGF3M2VyVUJTUU1vSm5DdDJscmJIQT09
코리아휴먼리스오스시스템,코리아휴먼리스오스시스템(주),0.0,https://www.saramin.co.kr/zf_user/company-info/view-inner-recruit?csn=bU5SNDIweDRqdjdpVFpWMlpRUVJ6dz09
콘센트릭스서비스코리아(유),콘센트릭스서비스코리아(유),0.0,https://www.saramin.co.kr/zf_user/company-info/view-inner-recruit?csn=QXNKajBuOC9JK1cvUzZOZmVoZ1lUQT09
큐텐코리아유한책임회사,큐텐코리아유한책임회사,0.0,https://www.saramin.co.kr/zf_user/company-info/view-inner-recruit?csn=Z2x3Tzh0ZEFQS0VtK05ZQXNSRHM1QT09
크라우드웍스,(주)크라우드웍스,2.1,https://www.saramin.co.kr/zf_user/company-info/view-inner-recruit?csn=eE52N0dmQ0F2Y0VrcEtHREtZS2xMQT09
크래프톤,(주)크래프톤,2.5,https://www.saramin.co.kr/zf_user/company-info/view-inner-recruit?csn=VUJYbGh2aXhrZXhxR2FUZVFRK0pMZz09
크래프트테크놀로지스,(주)크래프트테크놀로지스,0.0,https://www.saramin.co.kr/zf_user/company-info/view-inner-recruit?csn=UjB0MHdkRVJocHprbW5qUnAzTUNOZz09
크레스콤,(주)크레스콤,0.0,https://www.saramin.co.kr/zf_user/company-info/view-inner-recruit?csn=eDAxUk9oZU1KSjdvV0FvT21kelZyUT09
크레이지알파카,(주)크레이지알파카,0.0,https://www.saramin.co.kr/zf_user/company-info/view-inner-recruit?csn=OG1vaHMydHpTUDltbzErUytWbWIzUT09
크리에이츠,(주)크리에이츠,0.0,https://www.saramin.co.kr/zf_user/company-info/view-inner-recruit?csn=WnpKTWp0T3VaNlR2U0cyQVJjQTZXUT09
클라모스,(주)클라모스,0.0,https://www.saramin.co.kr/zf_user/company-info/view-inner-recruit?csn=ZDhiRUZsb2NRa2pJa1JyRmFPcTlkUT09
클라비,(주)클라비,0.0,https://www.saramin.co.kr/zf_user/company-info/view-inner-recruit?csn=bExJdzRDaEtLTTVBaG9TUS8xRzZ4UT09
클라우드네트웍스,(주)클라우드네트웍스,0.0,https://www.saramin.co.kr/zf_user/company-info/view-inner-recruit?csn=ZHhzUTcxWXVacnJ5SVBiYzZaVzQydz09
클레,(주)클레,0.0,https://www.saramin.co.kr/zf_user/company-info/view-inner-recruit?csn=MlU1eXBjN1I3ZWVxaGgwT2gyOVUxdz09
키다리스튜디오,(주)키다리스튜디오,1.7,https://www.saramin.co.kr/zf_user/company-info/view-inner-recruit?csn=amhwVm1sbHZkREhqY2JGdHprL0Ewdz09
키미디에스,(주)키미디에스,0.0,https://www.saramin.co.kr/zf_user/company-info/view-inner-recruit?csn=TGJvYkd1ampISDhmMU9kWktPeG9Jdz09
키스 네일 프러덕츠 인크,키스 네일 프러덕츠 인크,0.0,https://www.saramin.co.kr/zf_user/company-info/view-inner-recruit?csn=NU9UeXUvNE5KTVo5UkRKMzlYVXYwdz09
키스템프그룹,(주)키스템프그룹,0.0,https://www.saramin.co.kr/zf_user/company-info/view-inner-recruit?csn=Wm5sVDd5dlZoQktsUHd1Y0IxYk85UT09
탑앤스카우트,(주)탑앤스카우트,0.0,https://www.saramin.co.kr/zf_user/company-info/view-inner-recruit?csn=RmNnWE1aRTFyY0JmWklFYW13M2c3UT09
탑커리어인사이트,탑커리어인사이트,0.0,https://www.saramin.co.kr/zf_user/company-info/view-inner-recruit?csn=akxWaGNVUmpFM0tOVkwyMXFJa0tJUT09
테서,(주)테서,0.0,https://www.saramin.co.kr/zf_user/company-info/view-inner-recruit?csn=RE1CczBzNlpEWUNFNXVkeG8zankyUT09
테스트웍스,(주)테스트웍스,0.0,https://www.saramin.co.kr/zf_user/company-info/view-inner-recruit?csn=cWdNNmdOUFdVN0FZMnBuZjdzaFZLZz09
테슬라코리아(유),테슬라코리아(유),0.0,https://www.saramin.co.kr/zf_user/company-info/view-inner-recruit?csn=U09NbmJxZHYrQTdjeVZzK0pDdXRnUT09
테크빌교육,테크빌교육(주),0.0,https://www.saramin.co.kr/zf_user/company-info/view-inner-recruit?csn=d3VnVXJwUXl3eE92S0p3SDdrY0xmUT09
테크윙,(주)테크윙,5.9,https://www.saramin.co.kr/zf_user/company-info/view-inner-recruit?csn=VFFvWWNMSGhjdTdPZDd4MWZtMGR4dz09
텐씨엘,(주)텐씨엘,0.0,https://www.saramin.co.kr/zf_user/company-info/view-inner-recruit?csn=WVZxRldsNkR6c1hkRERqaWdWZnVPZz09
텔로스,(주)텔로스,0.0,https://www.saramin.co.kr/zf_user/company-info/view-inner-recruit?csn=OUFJREVLZ1VMWmcvQTVzUWF6T3JkUT09
토마토시스템,(주)토마토시스템,5.5,https://www.saramin.co.kr/zf_user/company-info/view-inner-recruit?csn=bVJoNWh6VWJIQkh1aE1IZ3h1R1Rldz09
토페스,(주)토페스,0.0,https://www.saramin.co.kr/zf_user/company-info/view-inner-recruit?csn=Z2o4SkNKQlVheHVOeUZnME1FVVNxZz09
투네이션,(주)투네이션,0.0,https://www.saramin.co.kr/zf_user/company-info/view-inner-recruit?csn=ajlMam13R3pYb25KbHk1SWdqK3FuUT09
투믹스,(주)투믹스,0.0,https://www.saramin.co.kr/zf_user/company-info/view-inner-recruit?csn=b3JBWlQySE1vbHE1eHMvckY3dlhYQT09
튠시스템,(주)튠시스템,0.0,https://www.saramin.co.kr/zf_user/company-info/view-inner-recruit?csn=ZnZBSUNNc1FzQkVRZ0lxM0F6a3ZyQT09
트렌드오브데이터,주식회사 트렌드오브데이터,0.0,https://www.saramin.co.kr/zf_user/company-info/view-inner-recruit?csn=bllLSCtaM015cmpmM0ZjY015d1ozZz09
트리노드,트리노드 주식회사,0.0,https://www.saramin.co.kr/zf_user/company-info/view-inner-recruit?csn=bWRNWG5oY2thdmZRZkN2bGFtN1F4QT09
트윔,(주)트윔,0.0,https://www.saramin.co.kr/zf_user/company-info/view-inner-recruit?csn=RHEzSlpGSHplUzh3YkJjMnBQWTdpUT09
티라로보틱스,(주)티라로보틱스,0.0,https://www.saramin.co.kr/zf_user/company-info/view-inner-recruit?csn=UDBxUC95NU01RkZHTjM2OXB4azFUQT09
티맥스알지,(주)티맥스알지,0.0,https://www.saramin.co.kr/zf_user/company-info/view-inner-recruit?csn=dGpieXdtdU1xK3BGNXM1cnRzV1hIUT09
티맵모빌리티,티맵모빌리티(주),0.0,https://www.saramin.co.kr/zf_user/company-info/view-inner-recruit?csn=V0JLcnNPNlRFRk1wanZtdmRBcmlodz09
티시스 아이티,주식회사 티시스 아이티,0.0,https://www.saramin.co.kr/zf_user/company-info/view-inner-recruit?csn=c0JKTGY2ODQ4UlV5V1VMRVNia2d0QT09
티에스엠,(주)티에스엠,0.0,https://www.saramin.co.kr/zf_user/company-info/view-inner-recruit?csn=TjgzNTNYVjZTMmxJQ0dHRFZDMkJSdz09
티움솔루션즈,(주)티움솔루션즈,0.0,https://www.saramin.co.kr/zf_user/company-info/view-inner-recruit?csn=RTZZdm12TVF2MU9KMk16NUdsK1lVQT09
팀스파르타,팀스파르타(주),0.0,https://www.saramin.co.kr/zf_user/company-info/view-inner-recruit?csn=aFhVM3BGOHMxM3lUQ0o3MEMzWFBUQT09
파수,(주)파수,5.6,https://www.saramin.co.kr/zf_user/company-info/view-inner-recruit?csn=NG5MUnZpcDNJV2FMd1E5cEQvNEtKdz09
파오스파트너스,(주)파오스파트너스,0.0,https://www.saramin.co.kr/zf_user/company-info/view-inner-recruit?csn=bzZJMlRrdTVqOUZFQVF0dHY3Y3NvUT09
파운트,(주)파운트,0.0,https://www.saramin.co.kr/zf_user/company-info/view-inner-recruit?csn=N05iUWVDSUlqbDZDb05wWm4xb1lEQT09
파워에이치알,파워에이치알,0.0,https://www.saramin.co.kr/zf_user/company-info/view-inner-recruit?csn=Si9JemFLK3NDLzJUVFFLb09uRy9YQT09
파인더스,(주)파인더스,0.0,https://www.saramin.co.kr/zf_user/company-info/view-inner-recruit?csn=TmlFRXFKaVlZMTZ6NzBZblJIUGFJdz09
파인디지털,(주)파인디지털,0.0,https://www.saramin.co.kr/zf_user/company-info/view-inner-recruit?csn=RmRxRkhpSVVVa2kvUXNjR2kyUUZDQT09
파인씨앤아이,주식회사파인씨앤아이,0.0,https://www.saramin.co.kr/zf_user/company-info/view-inner-recruit?csn=TzBVbHRLUXJISUtOVFNBcDA1SHJpQT09
파킹클라우드,파킹클라우드(주),0.0,https://www.saramin.co.kr/zf_user/company-info/view-inner-recruit?csn=V2lRVGpJWnVUaGJqeVZ1TEM3VktXdz09
파킹허브,주식회사 파킹허브,0.0,https://www.saramin.co.kr/zf_user/company-info/view-inner-recruit?csn=d3hIckhOeCtzd0JmTGlQYmkwMkJhQT09
팔피엠,(주)팔피엠,0.0,https://www.saramin.co.kr/zf_user/company-info/view-inner-recruit?csn=cXFjaU1zR0ZQMlhGRVR6SGFiZ0RHdz09
팝콘사,(주)팝콘사,0.0,https://www.saramin.co.kr/zf_user/company-info/view-inner-recruit?csn=Nk00ZmdqbnZWNzBRTDZzRGVlUHlDUT09
팡고지와이,팡고지와이,0.0,https://www.saramin.co.kr/zf_user/company-info/view-inner-recruit?csn=M3cxeGFOZk93VFplMjFFT0RiLzk1QT09
패션그룹형지,패션그룹형지(주),0.0,https://www.saramin.co.kr/zf_user/company-info/view-inner-recruit?csn=WUdxZ3dZckp2cHBKM3NVak80QXVpdz09
펀진,(주)펀진,2.3,https://www.saramin.co.kr/zf_user/company-info/view-inner-recruit?csn=T1RraHJxR0JuaDlTTnZBcnp1ZjdEdz09
펄송,(주)펄송,0.0,https://www.saramin.co.kr/zf_user/company-info/view-inner-recruit?csn=RXJtbFJYeXNGWDFZTWNhajcxcU5Cdz09
펑타이그레이터차이나(유),펑타이그레이터차이나(유),0.0,https://www.saramin.co.kr/zf_user/company-info/view-inner-recruit?csn=WWVWZkhSVy9MOE5XbnFrTHhyaEtzUT09
페니로이스,(주)페니로이스,0.0,https://www.saramin.co.kr/zf_user/company-info/view-inner-recruit?csn=bVVkK3NBTlpJZFVxVElUOVFyR3kvZz09
페르소나에이아이,(주)페르소나에이아이,0.0,https://www.saramin.co.kr/zf_user/company-info/view-inner-recruit?csn=cllYYkEyQmYwQThCL1YrYThtQmNNdz09
페이먼트인앱,(주)페이먼트인앱,0.0,https://www.saramin.co.kr/zf_user/company-info/view-inner-recruit?csn=ZUQ1ci9ydGRhZWpqOXVjWVNIYVdCUT09
페이크아이즈,(주)페이크아이즈,0.0,https://www.saramin.co.kr/zf_user/company-info/view-inner-recruit?csn=aVk2Mm8yQmxVVXlqUUJYbzZSRWVBQT09
페이타랩,(주)페이타랩,0.0,https://www.saramin.co.kr/zf_user/company-info/view-inner-recruit?csn=ekJOVENHa0p0TzdoaTVQVHVpY3Vydz09
페이히어,(주)페이히어,0.0,https://www.saramin.co.kr/zf_user/company-info/view-inner-recruit?csn=cUxkWEJNNk5zdmNIYm5sYWNCbjlLQT09
펨트론,(주)펨트론,0.0,https://www.saramin.co.kr/zf_user/company-info/view-inner-recruit?csn=VVorZGNlSC9yLzQzTEVUUDhrckFiZz09
포디아트,(주)포디아트,0.0,https://www.saramin.co.kr/zf_user/company-info/view-inner-recruit?csn=YTRVdmFTYkJmWXRJQzFsZzUwdjlrUT09
포딕스시스템,(주)포딕스시스템,0.0,https://www.saramin.co.kr/zf_user/company-info/view-inner-recruit?csn=YngyOEV4bmViL25yYi8wZ3p6ZjVFQT09
포소드,(주)포소드,0.0,https://www.saramin.co.kr/zf_user/company-info/view-inner-recruit?csn=ajhBa01zRTFiV1JzYjBpUFR6cU5hZz09
포스로직,(주)포스로직,0.0,https://www.saramin.co.kr/zf_user/company-info/view-inner-recruit?csn=eHhFNjU5RGdqYWtnSUpYbkg0U2QzQT09
포시에스,(주)포시에스,6.0,https://www.saramin.co.kr/zf_user/company-info/view-inner-recruit?csn=WE40MmxOVXhyT2UraCs5Qy94NU1xUT09
포체인스,포체인스(주),0.0,https://www.saramin.co.kr/zf_user/company-info/view-inner-recruit?csn=Z0k1L0puWksyVWdtQWZES1FwaGVQdz09
포커스블루,(주)포커스블루,0.0,https://www.saramin.co.kr/zf_user/company-info/view-inner-recruit?csn=dFdaWlc3MzJVS3pIS045bDUvUWUyUT09
포트리스이노베이션,포트리스이노베이션(주),0.0,https://www.saramin.co.kr/zf_user/company-info/view-inner-recruit?csn=ZlgrT2N3M1Z1cHczZGlkdjVHNHdpQT09
포티투닷,포티투닷(주),0.0,https://www.saramin.co.kr/zf_user/company-info/view-inner-recruit?csn=NkErbHVwLy9UWEVSNzluOEJnaGJFQT09
포티투마루,(주)포티투마루,0.0,https://www.saramin.co.kr/zf_user/company-info/view-inner-recruit?csn=WVAzS0Z4MDc2dy9KWmFtYXgyN2JwZz09
폴라리스오피스,(주)폴라리스오피스,6.3,https://www.saramin.co.kr/zf_user/company-info/view-inner-recruit?csn=RlVZR1JZMngxUEN5d0JVZUp1bTQvdz09
폴스타헬스케어,폴스타헬스케어(주),0.0,https://www.saramin.co.kr/zf_user/company-info/view-inner-recruit?csn=VVJBTjBsZ3J4RkI4UGpRTG51VWJUZz09
퓨렌스,퓨렌스(주),0.0,https://www.saramin.co.kr/zf_user/company-info/view-inner-recruit?csn=aWx4MWFqbWpNdDFGbVRZdmxYQ2ZBQT09
퓨전소프트,(주)퓨전소프트,0.0,https://www.saramin.co.kr/zf_user/company-info/view-inner-recruit?csn=bEQxOUpXNmcxSTRJOUg2VFQ3N0hZQT09
플래티어,(주)플래티어,3.2,https://www.saramin.co.kr/zf_user/company-info/view-inner-recruit?csn=VzVFbTJrUWZsRzJyZ0NmRTF3bkpKQT09
플렉싱크,(주)플렉싱크,0.0,https://www.saramin.co.kr/zf_user/company-info/view-inner-recruit?csn=c3FFRjVZMHczclF4cjR3djE4Z3VaUT09
피델리티파트너스,피델리티파트너스,0.0,https://www.saramin.co.kr/zf_user/company-info/view-inner-recruit?csn=S0svaGhmclpQNXgrUko5b0k2S0hsQT09
피매치,주식회사 피매치,0.0,https://www.saramin.co.kr/zf_user/company-info/view-inner-recruit?csn=RVpoOHFSK0hRVzNyM0pkdjZXT0V4dz09
피앤오파트너스,피앤오파트너스,0.0,https://www.saramin.co.kr/zf_user/company-info/view-inner-recruit?csn=aHlVRFRnTkNudkwwQ0J4d2RrNlVtQT09
피어테크,(주)피어테크,0.0,https://www.saramin.co.kr/zf_user/company-info/view-inner-recruit?csn=OFpLTTR4V09PTmpYRmFWSDdjYmtadz09
피엔씨서치,피엔씨서치,0.0,https://www.saramin.co.kr/zf_user/company-info/view-inner-recruit?csn=RklNNE9vVG9TQ1RsWEdMeDlzZUk0dz09
피처링,(주)피처링,0.0,https://www.saramin.co.kr/zf_user/company-info/view-inner-recruit?csn=YURwc1BFaWR2U2xwT3NRdmY4QlhHQT09
피타소프트,(주)피타소프트,0.0,https://www.saramin.co.kr/zf_user/company-info/view-inner-recruit?csn=QTJNYmltVHgrNkNNOUpHc0FLK1VWZz09
피플앤드테크놀러지,(주)피플앤드테크놀러지,0.0,https://www.saramin.co.kr/zf_user/company-info/view-inner-recruit?csn=SlhEcDcxck4yRktRVEZ5NnRLUTlUdz09
피플인사이트파트너스,피플인사이트파트너스 주식회사,0.0,https://www.saramin.co.kr/zf_user/company-info/view-inner-recruit?csn=RW1Ub0lPZ0dBR2o1cFR0RW1IcktRdz09
피플케어코리아,(주)피플케어코리아,0.0,https://www.saramin.co.kr/zf_user/company-info/view-inner-recruit?csn=N1RwdnBkdTVSZGpReHJnNlV3eUlwUT09
픽소니어,(주)픽소니어,0.0,https://www.saramin.co.kr/zf_user/company-info/view-inner-recruit?csn=R0J1MEczcEc5UHBrcVBGYld6RGhXdz09
핀인사이트,(주)핀인사이트,0.0,https://www.saramin.co.kr/zf_user/company-info/view-inner-recruit?csn=Q3ZDNlNVUXFhN1ZqSTZyUDhWc1c4QT09
핀커스에이치알지,주식회사 핀커스에이치알지,0.0,https://www.saramin.co.kr/zf_user/company-info/view-inner-recruit?csn=NmRvK3NzOWJPUmVZbGtqRG5qblhxQT09
핀크,(주)핀크,0.0,https://www.saramin.co.kr/zf_user/company-info/view-inner-recruit?csn=ZkJtMWNRZVd5bHBoTmNGMytiTk9GZz09
필드에스,(주)필드에스,0.0,https://www.saramin.co.kr/zf_user/company-info/view-inner-recruit?csn=dHc4MTN4K0F3dzM5RGdCUU1QbXZNZz09
필라넷,(주)필라넷,0.0,https://www.saramin.co.kr/zf_user/company-info/view-inner-recruit?csn=eWppQ2U1T0lQSTI0RUNRWTVKYzVTdz09
필옵틱스,(주)필옵틱스,5.5,https://www.saramin.co.kr/zf_user/company-info/view-inner-recruit?csn=MS9COG82b0ZZU1BGVVp4dTdPUElHZz09
하나금융티아이,(주)하나금융티아이,0.0,https://www.saramin.co.kr/zf_user/company-info/view-inner-recruit?csn=RloxR25Ga1N2WitnT3VybjQ3VzJ4dz09
하마인포,하마인포(주),0.0,https://www.saramin.co.kr/zf_user/company-info/view-inner-recruit?csn=SUxkVWRiamZSclRNbjB2ZGZSQVdRQT09
하스퍼,(주)하스퍼,0.0,https://www.saramin.co.kr/zf_user/company-info/view-inner-recruit?csn=RzlmZkN4SUFDVE82dE9FUjJxTXlIUT09
하이,(주)하이,0.0,https://www.saramin.co.kr/zf_user/company-info/view-inner-recruit?csn=VnQrK0paL1ZRVG5JUnNLZVJBbExRZz09
하이데이타,(주)하이데이타,0.0,https://www.saramin.co.kr/zf_user/company-info/view-inner-recruit?csn=Q04vR2gyaElmdjEyZExLUmRsZzI2UT09
하이비젼시스템,(주)하이비젼시스템,3.9,https://www.saramin.co.kr/zf_user/company-info/view-inner-recruit?csn=QjdWTnVFelF6cXNKcXhvUFFLOVVJZz09
하이퍼놀로지,(주)하이퍼놀로지,0.0,https://www.saramin.co.kr/zf_user/company-info/view-inner-recruit?csn=OWdueGZLRVM3V2RVaEIvbFV2ZFNaQT09
하이퍼커넥트 유한책임회사,하이퍼커넥트 유한책임회사,0.0,https://www.saramin.co.kr/zf_user/company-info/view-inner-recruit?csn=UHh6NXc3Y09jTmxoS3ZkZkxCNmdVZz09
한경닷컴,(주)한경닷컴,0.0,https://www.saramin.co.kr/zf_user/company-info/view-inner-recruit?csn=b3UxQi90T2VMeG8vaWFMVjRLRzJUdz09
한국딥러닝,한국딥러닝(주),0.0,https://www.saramin.co.kr/zf_user/company-info/view-inner-recruit?csn=SUdEZmdTNDRnMEJFQzMwZFZnNDNhZz09
한국생산기술연구원,한국생산기술연구원,0.0,https://www.saramin.co.kr/zf_user/company-info/view-inner-recruit?csn=VUJpTWlrTkhPLyttY3pwKzNmdkJQdz09
한국소프트웨어산업협회,한국소프트웨어산업협회,0.0,https://www.saramin.co.kr/zf_user/company-info/view-inner-recruit?csn=TmtqN2hSWWVxaUFIZ2MvUFNraHcwUT09
한국아이씨티기술협회,(사)한국아이씨티기술협회,0.0,https://www.saramin.co.kr/zf_user/company-info/view-inner-recruit?csn=YjdaM0NrMDFNMVlPQURzM1ZWU0RkQT09
한국아이티전문학원,(주)한국아이티전문학원,0.0,https://www.saramin.co.kr/zf_user/company-info/view-inner-recruit?csn=Zi9zTlpUdGN5MkI5c3ViTlRVU1QyZz09
한국정보공작소,(주)한국정보공작소,0.0,https://www.saramin.co.kr/zf_user/company-info/view-inner-recruit?csn=T3ZubGRrcjNvTUxaZ0g3NlBnelF6UT09
한국정보보호산업협회,한국정보보호산업협회,0.0,https://www.saramin.co.kr/zf_user/company-info/view-inner-recruit?csn=b1kwRXVraDNJSzBzYkFNbW90TzhiUT09
한국컨설팅산업협회,(사)한국컨설팅산업협회,0.0,https://www.saramin.co.kr/zf_user/company-info/view-inner-recruit?csn=K3JVVFZmK3NwMFYvSk52TFZXSW5CZz09
한국폴리텍대학 분당융합기술교육원,한국폴리텍대학 분당융합기술교육원,0.0,https://www.saramin.co.kr/zf_user/company-info/view-inner-recruit?csn=Y3RMYUZFL1RkeEg1M1phM2V1cXFRUT09
한길씨앤씨,한길씨앤씨(주),0.0,https://www.saramin.co.kr/zf_user/company-info/view-inner-recruit?csn=Sm1IOEgrNjVxL0JhNlZ0dysxeTVxdz09
한맥기술,(주)한맥기술,0.0,https://www.saramin.co.kr/zf_user/company-info/view-inner-recruit?csn=cUlQR20ya0dxSGZjUGNPRVdreHZqdz09
한백전자,(주)한백전자,0.0,https://www.saramin.co.kr/zf_user/company-info/view-inner-recruit?csn=Yll5a0hZK1hrTHprOXA3cy9nRkE5Zz09
한싹,(주)한싹,3.3,https://www.saramin.co.kr/zf_user/company-info/view-inner-recruit?csn=RDExRU45aTViUEpZamdwV0pwNXllQT09
한양대학교산학협력단,한양대학교산학협력단,0.0,https://www.saramin.co.kr/zf_user/company-info/view-inner-recruit?csn=TG1xSG5QeDNPS3lkeHFzRGZXZWlBZz09
한진정보통신,한진정보통신(주),0.0,https://www.saramin.co.kr/zf_user/company-info/view-inner-recruit?csn=KytyeGYzdUxyd0pZdGhkTG43UFR2QT09
한화비전,한화비전(주),0.0,https://www.saramin.co.kr/zf_user/company-info/view-inner-recruit?csn=aExtdFB2MERYY1FTTzNNejBkOEdYQT09
해양정보기술,(주)해양정보기술,0.0,https://www.saramin.co.kr/zf_user/company-info/view-inner-recruit?csn=Rzd1ZXlvWGIrVEprSXJSYjNEMzd2UT09
해줌,(주)해줌,0.0,https://www.saramin.co.kr/zf_user/company-info/view-inner-recruit?csn=YTQ1Y3QydVR4clNtbHlOREVuSFU0QT09
해줌,주식회사 해줌,0.0,https://www.saramin.co.kr/zf_user/company-info/view-inner-recruit?csn=YTQ1Y3QydVR4clNtbHlOREVuSFU0QT09
헤론헬스정보시스템,(주)헤론헬스정보시스템,0.0,https://www.saramin.co.kr/zf_user/company-info/view-inner-recruit?csn=Sy90WE9PZ1d4bnVOWWxvYUlvbEl2Zz09
헥토,(주)헥토,0.0,https://www.saramin.co.kr/zf_user/company-info/view-inner-recruit?csn=ZFlXM0w5WFdBNUxETjcvSkF4TGVWdz09
헥토이노베이션,(주)헥토이노베이션,2.5,https://www.saramin.co.kr/zf_user/company-info/view-inner-recruit?csn=NzdVLzJPY2krZ0hza3N6MlBCemxadz09
헬리오센,헬리오센(주),0.0,https://www.saramin.co.kr/zf_user/company-info/view-inner-recruit?csn=bFlYU0hCQTNiZGdHYURxUGVDZDE3QT09
현대오토에버,현대오토에버(주),5.8,https://www.saramin.co.kr/zf_user/company-info/view-inner-recruit?csn=TVUrT2lHWkZvZGZWU1RmQ2N6K1RMQT09
휴맥스모빌리티,(주)휴맥스모빌리티,0.0,https://www.saramin.co.kr/zf_user/company-info/view-inner-recruit?csn=dGZKWXNnQlgvQy84akRJWlNrTmFZUT09
휴머스온,(주)휴머스온,0.0,https://www.saramin.co.kr/zf_user/company-info/view-inner-recruit?csn=dy9vbXBLakU4UU1wdVZyZHE3WEc4UT09
휴먼인써치,휴먼인써치,0.0,https://www.saramin.co.kr/zf_user/company-info/view-inner-recruit?csn=amtYa2hNVkQ3M2kvWWEwRG5kMUlZUT09
휴먼포커스,휴먼포커스(주),0.0,https://www.saramin.co.kr/zf_user/company-info/view-inner-recruit?csn=NFdjYjZoNExlcHNPMER3YkVpZklyQT09
휴비츠,(주)휴비츠,6.0,https://www.saramin.co.kr/zf_user/company-info/view-inner-recruit?csn=WWVBam1ScW54MWRJbVV2aWdKaWRoZz09
휴스존,휴스존㈜,0.0,https://www.saramin.co.kr/zf_user/company-info/view-inner-recruit?csn=eitYcXlWSzk3MzhHbGhwUnc4bXQ1UT09
